Workbook

Sheet Prices
A1: Date | B1: Tech | C1: Banking | D1: Mining | E1: Energy | F1: Insurance
A2: 43891 | B2: 1671.73 | C2: 40.610001 | D2: 58.360001 | E2: 62.32 | F2: 432
A3: 43894 | B3: 1696.17 | C3: 40.68 | D3: 58.66 | E3: 62.290001 | F3: 434.5
A4: 43895 | B4: 1692.4301 | C4: 41 | D4: 58.919998 | E4: 62.380001 | F4: 438.79999
A5: 43896 | B5: 1668.95 | C5: 40.970001 | D5: 59.189999 | E5: 62.389999 | F5: 433.29999
A6: 43897 | B6: 1625.95 | C6: 40.869999 | D6: 54.740002 | E6: 61.57 | F6: 419
A7: 43898 | B7: 1620.8 | C7: 40.869999 | D7: 54.66 | E7: 60.799999 | F7: 414.89999
A8: 43901 | B8: 1670.62 | C8: 41.009998 | D8: 55.279999 | E8: 61.23 | F8: 421.70001
A9: 43902 | B9: 1673.1 | C9: 41.07 | D9: 55.32 | E9: 61.34 | F9: 420
A10: 43903 | B10: 1690.8101 | C10: 41.119999 | D10: 56.029999 | E10: 62.990002 | F10: 419.79999
A11: 43904 | B11: 1686.22 | C11: 41.139999 | D11: 56 | E11: 63.049999 | F11: 425.60001
A12: 43905 | B12: 1712.36 | C12: 41.41 | D12: 55.98 | E12: 63.290001 | F12: 433.89999
A13: 43908 | B13: 1742.15 | C13: 41.529999 | D13: 56.990002 | E13: 64.089996 | F13: 436
... A465: 44560 | B465: 3285.8501 | C465: 25.940001 | D465: 75.989998 | E465: 36.029999 | F465: 328

Sheet Data Checks
A1: Data Checks
G2: Index at 100 | L2: Daily Change
A3: Date | B3: Tech | C3: Banking | D3: Mining | E3: Energy | F3: Insurance | G3: Tech | H3: Banking | I3: Mining | J3: Energy | K3: Insurance | L3: Tech | M3: Banking | N3: Mining | O3: Energy | P3: Insurance
A4: =Prices!A2 -> 43891 | B4: =Prices!B2 -> 1671.73 | C4: =Prices!C2 -> 40.610001 | D4: =Prices!D2 -> 58.360001 | E4: =Prices!E2 -> 62.32 | F4: =Prices!F2 -> 432 | G4: 100 | H4: 100 | I4: 100 | J4: 100 | K4: 100 | L4: 0 | M4: 0 | N4: 0 | O4: 0 | P4: 0 | U4: Statistics (all data)
A5: =Prices!A3 -> 43894 | B5: =Prices!B3 -> 1696.17 | C5: =Prices!C3 -> 40.68 | D5: =Prices!D3 -> 58.66 | E5: =Prices!E3 -> 62.290001 | F5: =Prices!F3 -> 434.5 | G5: =G4*B5/B4 -> 101.46196 | H5: =H4*C5/C4 -> 100.17237 | I5: =I4*D5/D4 -> 100.51405 | J5: =J4*E5/E4 -> 99.951863 | K5: =K4*F5/F4 -> 100.5787 | L5: =B5/B4-1 -> 0.014619624 | M5: =C5/C4-1 -> 0.0017236887 | N5: =D5/D4-1 -> 0.00514049 | O5: =E5/E4-1 -> -0.00048137035 | P5: =F5/F4-1 -> 0.005787037 | V5: Tech | W5: Banking | X5: Mining | Y5: Energy | Z5: Insurance | AA5: All
A6: =Prices!A4 -> 43895 | B6: =Prices!B4 -> 1692.4301 | C6: =Prices!C4 -> 41 | D6: =Prices!D4 -> 58.919998 | E6: =Prices!E4 -> 62.380001 | F6: =Prices!F4 -> 438.79999 | G6: =G5*B6/B5 -> 101.23824 | H6: =H5*C6/C5 -> 100.96035 | I6: =I5*D6/D5 -> 100.95956 | J6: =J5*E6/E5 -> 100.09628 | K6: =K5*F6/F5 -> 101.57407 | L6: =B6/B5-1 -> -0.0022049617 | M6: =C6/C5-1 -> 0.0078662734 | N6: =D6/D5-1 -> 0.0044322878 | O6: =E6/E5-1 -> 0.0014448547 | P6: =F6/F5-1 -> 0.0098964051 | U6: Average | V6: =AVERAGE(L5:L467) -> 0.0016576435 | W6: =AVERAGE(M5:M467) -> -0.00076085988 | X6: =AVERAGE(N5:N467) -> 0.00083631482 | Y6: =AVERAGE(O5:O467) -> -0.00071286181 | Z6: =AVERAGE(P5:P467) -> -0.00030738652 | AA6: =AVERAGE(L5:P467) -> 0.00014257002
A7: =Prices!A5 -> 43896 | B7: =Prices!B5 -> 1668.95 | C7: =Prices!C5 -> 40.970001 | D7: =Prices!D5 -> 59.189999 | E7: =Prices!E5 -> 62.389999 | F7: =Prices!F5 -> 433.29999 | G7: =G6*B7/B6 -> 99.833703 | H7: =H6*C7/C6 -> 100.88648 | I7: =I6*D7/D6 -> 101.4222 | J7: =J6*E7/E6 -> 100.11232 | K7: =K6*F7/F6 -> 100.30092 | L7: =B7/B6-1 -> -0.013873603 | M7: =C7/C6-1 -> -0.00073168293 | N7: =D7/D6-1 -> 0.0045825019 | O7: =E7/E6-1 -> 0.00016027573 | P7: =F7/F6-1 -> -0.012534184 | U7: Standard Deviation | V7: =STDEV(L5:L467) -> 0.019898026 | W7: =STDEV(M5:M467) -> 0.020348004 | X7: =STDEV(N5:N467) -> 0.02315619 | Y7: =STDEV(O5:O467) -> 0.030467019 | Z7: =STDEV(P5:P467) -> 0.023978764 | AA7: =STDEV(L5:P467) -> 0.023870508
A8: =Prices!A6 -> 43897 | B8: =Prices!B6 -> 1625.95 | C8: =Prices!C6 -> 40.869999 | D8: =Prices!D6 -> 54.740002 | E8: =Prices!E6 -> 61.57 | F8: =Prices!F6 -> 419 | G8: =G7*B8/B7 -> 97.261518 | H8: =H7*C8/C7 -> 100.64023 | I8: =I7*D8/D7 -> 93.797123 | J8: =J7*E8/E7 -> 98.796534 | K8: =K7*F8/F7 -> 96.990741 | L8: =B8/B7-1 -> -0.025764703 | M8: =C8/C7-1 -> -0.0024408591 | N8: =D8/D7-1 -> -0.075181569 | O8: =E8/E7-1 -> -0.013143116 | P8: =F8/F7-1 -> -0.033002512 | U8: Max | V8: =MAX(L5:L467) -> 0.079295239 | W8: =MAX(M5:M467) -> 0.10368038 | X8: =MAX(N5:N467) -> 0.15788029 | Y8: =MAX(O5:O467) -> 0.19679467 | Z8: =MAX(P5:P467) -> 0.14976306 | AA8: =MAX(L5:P467) -> 0.19679467
A9: =Prices!A7 -> 43898 | B9: =Prices!B7 -> 1620.8 | C9: =Prices!C7 -> 40.869999 | D9: =Prices!D7 -> 54.66 | E9: =Prices!E7 -> 60.799999 | F9: =Prices!F7 -> 414.89999 | G9: =G8*B9/B8 -> 96.953459 | H9: =H8*C9/C8 -> 100.64023 | I9: =I8*D9/D8 -> 93.66004 | J9: =J8*E9/E8 -> 97.560974 | K9: =K8*F9/F8 -> 96.041665 | L9: =B9/B8-1 -> -0.0031673189 | M9: =C9/C8-1 -> 0 | N9: =D9/D8-1 -> -0.0014614906 | O9: =E9/E8-1 -> -0.012506107 | P9: =F9/F8-1 -> -0.0097852172 | U9: Min | V9: =MIN(L5:L467) -> -0.079220808 | W9: =MIN(M5:M467) -> -0.10246344 | X9: =MIN(N5:N467) -> -0.094237413 | Y9: =MIN(O5:O467) -> -0.17172198 | Z9: =MIN(P5:P467) -> -0.12540193 | AA9: =MIN(L5:P467) -> -0.17172198
A10: =Prices!A8 -> 43901 | B10: =Prices!B8 -> 1670.62 | C10: =Prices!C8 -> 41.009998 | D10: =Prices!D8 -> 55.279999 | E10: =Prices!E8 -> 61.23 | F10: =Prices!F8 -> 421.70001 | G10: =G9*B10/B9 -> 99.933603 | H10: =H9*C10/C9 -> 100.98497 | I10: =I9*D10/D9 -> 94.722409 | J10: =J9*E10/E9 -> 98.250963 | K10: =K9*F10/F9 -> 97.615744 | L10: =B10/B9-1 -> 0.030737873 | M10: =C10/C9-1 -> 0.0034254711 | N10: =D10/D9-1 -> 0.011342828 | O10: =E10/E9-1 -> 0.007072385 | P10: =F10/F9-1 -> 0.016389535 | U10: Count | V10: =COUNT(L$5:L$467) -> 463 | W10: =COUNT(M$5:M$467) -> 463 | X10: =COUNT(N$5:N$467) -> 463 | Y10: =COUNT(O$5:O$467) -> 463 | Z10: =COUNT(P$5:P$467) -> 463 | AA10: =COUNT(L$5:P$467) -> 2315
A11: =Prices!A9 -> 43902 | B11: =Prices!B9 -> 1673.1 | C11: =Prices!C9 -> 41.07 | D11: =Prices!D9 -> 55.32 | E11: =Prices!E9 -> 61.34 | F11: =Prices!F9 -> 420 | G11: =G10*B11/B10 -> 100.08195 | H11: =H10*C11/C10 -> 101.13272 | I11: =I10*D11/D10 -> 94.790951 | J11: =J10*E11/E10 -> 98.427471 | K11: =K10*F11/F10 -> 97.222222 | L11: =B11/B10-1 -> 0.0014844674 | M11: =C11/C10-1 -> 0.0014631066 | N11: =D11/D10-1 -> 0.0007236071 | O11: =E11/E10-1 -> 0.001796505 | P11: =F11/F10-1 -> -0.0040313302
A12: =Prices!A10 -> 43903 | B12: =Prices!B10 -> 1690.8101 | C12: =Prices!C10 -> 41.119999 | D12: =Prices!D10 -> 56.029999 | E12: =Prices!E10 -> 62.990002 | F12: =Prices!F10 -> 419.79999 | G12: =G11*B12/B11 -> 101.14134 | H12: =H11*C12/C11 -> 101.25584 | I12: =I11*D12/D11 -> 96.007536 | J12: =J11*E12/E11 -> 101.0751 | K12: =K11*F12/F11 -> 97.175923 | L12: =B12/B11-1 -> 0.010585191 | M12: =C12/C11-1 -> 0.0012174093 | N12: =D12/D11-1 -> 0.0128344 | O12: =E12/E11-1 -> 0.026899283 | P12: =F12/F11-1 -> -0.00047621905 | U12: Statistics (2021 only)
A13: =Prices!A11 -> 43904 | B13: =Prices!B11 -> 1686.22 | C13: =Prices!C11 -> 41.139999 | D13: =Prices!D11 -> 56 | E13: =Prices!E11 -> 63.049999 | F13: =Prices!F11 -> 425.60001 | G13: =G12*B13/B12 -> 100.86677 | H13: =H12*C13/C12 -> 101.30509 | I13: =I12*D13/D12 -> 95.956133 | J13: =J12*E13/E12 -> 101.17137 | K13: =K12*F13/F12 -> 98.51852 | L13: =B13/B12-1 -> -0.0027147272 | M13: =C13/C12-1 -> 0.00048638133 | N13: =D13/D12-1 -> -0.00053540961 | O13: =E13/E12-1 -> 0.00095248449 | P13: =F13/F12-1 -> 0.013816146 | U13: Average | V13: =AVERAGE(L216:L467) -> 0.0025799798 | W13: =AVERAGE(M216:M467) -> -0.0012838777 | X13: =AVERAGE(N216:N467) -> 0.0013699428 | Y13: =AVERAGE(O216:O467) -> -0.0011383666 | Z13: =AVERAGE(P216:P467) -> -0.00056497856 | AA13: =AVERAGE(L216:P467) -> 0.00019253997
A14: =Prices!A12 -> 43905 | B14: =Prices!B12 -> 1712.36 | C14: =Prices!C12 -> 41.41 | D14: =Prices!D12 -> 55.98 | E14: =Prices!E12 -> 63.290001 | F14: =Prices!F12 -> 433.89999 | G14: =G13*B14/B13 -> 102.43042 | H14: =H13*C14/C13 -> 101.96996 | I14: =I13*D14/D13 -> 95.921863 | J14: =J13*E14/E13 -> 101.55648 | K14: =K13*F14/F13 -> 100.43981 | L14: =B14/B13-1 -> 0.015502138 | M14: =C14/C13-1 -> 0.0065629802 | N14: =D14/D13-1 -> -0.00035714286 | O14: =E14/E13-1 -> 0.0038065346 | P14: =F14/F13-1 -> 0.019501851 | U14: Standard Deviation | V14: =_xlfn.STDEV.P(L216:L467) -> 0.024250709 | W14: =_xlfn.STDEV.P(M216:M467) -> 0.026153321 | X14: =_xlfn.STDEV.P(N216:N467) -> 0.028036105 | Y14: =_xlfn.STDEV.P(O216:O467) -> 0.040100514 | Z14: =_xlfn.STDEV.P(P216:P467) -> 0.029959572 | AA14: =STDEV(L216:P467) -> 0.03026215
A15: =Prices!A13 -> 43908 | B15: =Prices!B13 -> 1742.15 | C15: =Prices!C13 -> 41.529999 | D15: =Prices!D13 -> 56.990002 | E15: =Prices!E13 -> 64.089996 | F15: =Prices!F13 -> 436 | G15: =G14*B15/B14 -> 104.21241 | H15: =H14*C15/C14 -> 102.26545 | I15: =I14*D15/D14 -> 97.652503 | J15: =J14*E15/E14 -> 102.84017 | K15: =K14*F15/F14 -> 100.92593 | L15: =B15/B14-1 -> 0.017397066 | M15: =C15/C14-1 -> 0.0028978266 | N15: =D15/D14-1 -> 0.018042194 | O15: =E15/E14-1 -> 0.012640148 | P15: =F15/F14-1 -> 0.0048398387 | U15: Max | V15: =MAX(L216:L467) -> 0.079295239 | W15: =MAX(M216:M467) -> 0.10368038 | X15: =MAX(N216:N467) -> 0.15788029 | Y15: =MAX(O216:O467) -> 0.19679467 | Z15: =MAX(P216:P467) -> 0.14976306 | AA15: =MAX(L216:P467) -> 0.19679467
A16: =Prices!A14 -> 43909 | B16: =Prices!B14 -> 1761.85 | C16: =Prices!C14 -> 41.380001 | D16: =Prices!D14 -> 56.52 | E16: =Prices!E14 -> 63.950001 | F16: =Prices!F14 -> 434.29999 | G16: =G15*B16/B15 -> 105.39082 | H16: =H15*C16/C15 -> 101.89608 | I16: =I15*D16/D15 -> 96.847154 | J16: =J15*E16/E15 -> 102.61553 | K16: =K15*F16/F15 -> 100.5324 | L16: =B16/B15-1 -> 0.011307839 | M16: =C16/C15-1 -> -0.0036117988 | N16: =D16/D15-1 -> -0.0082470957 | O16: =E16/E15-1 -> -0.0021843503 | P16: =F16/F15-1 -> -0.0038991101 | U16: Min | V16: =MIN(L216:L467) -> -0.079220808 | W16: =MIN(M216:M467) -> -0.10246344 | X16: =MIN(N216:N467) -> -0.094237413 | Y16: =MIN(O216:O467) -> -0.17172198 | Z16: =MIN(P216:P467) -> -0.12540193 | AA16: =MIN(L216:P467) -> -0.17172198
A17: =Prices!A15 -> 43910 | B17: =Prices!B15 -> 1797.27 | C17: =Prices!C15 -> 41.209999 | D17: =Prices!D15 -> 56.650002 | E17: =Prices!E15 -> 64.480003 | F17: =Prices!F15 -> 427.60001 | G17: =G16*B17/B16 -> 107.50959 | H17: =H16*C17/C16 -> 101.47746 | I17: =I16*D17/D16 -> 97.069913 | J17: =J16*E17/E16 -> 103.46599 | K17: =K16*F17/F16 -> 98.981483 | L17: =B17/B16-1 -> 0.020103893 | M17: =C17/C16-1 -> -0.0041083131 | N17: =D17/D16-1 -> 0.0023001062 | O17: =E17/E16-1 -> 0.0082877559 | P17: =F17/F16-1 -> -0.015427083 | U17: Count | V17: =COUNT(L$216:L$467) -> 252 | W17: =COUNT(M$216:M$467) -> 252 | X17: =COUNT(N$216:N$467) -> 252 | Y17: =COUNT(O$216:O$467) -> 252 | Z17: =COUNT(P$216:P$467) -> 252 | AA17: =COUNT(L$216:P$467) -> 1260
A18: =Prices!A16 -> 43911 | B18: =Prices!B16 -> 1819.26 | C18: =Prices!C16 -> 41.07 | D18: =Prices!D16 -> 56.830002 | E18: =Prices!E16 -> 64.080002 | F18: =Prices!F16 -> 424.5 | G18: =G17*B18/B17 -> 108.82499 | H18: =H17*C18/C17 -> 101.13272 | I18: =I17*D18/D17 -> 97.378343 | J18: =J17*E18/E17 -> 102.82414 | K18: =K17*F18/F17 -> 98.263889 | L18: =B18/B17-1 -> 0.012235218 | M18: =C18/C17-1 -> -0.0033972095 | N18: =D18/D17-1 -> 0.003177405 | O18: =E18/E17-1 -> -0.0062034892 | P18: =F18/F17-1 -> -0.0072497801
A19: =Prices!A17 -> 43912 | B19: =Prices!B17 -> 1764.77 | C19: =Prices!C17 -> 40.419998 | D19: =Prices!D17 -> 56.139999 | E19: =Prices!E17 -> 62.880001 | F19: =Prices!F17 -> 409.89999 | G19: =G18*B19/B18 -> 105.56549 | H19: =H18*C19/C18 -> 99.532128 | I19: =I18*D19/D18 -> 96.196021 | J19: =J18*E19/E18 -> 100.89859 | K19: =K18*F19/F18 -> 94.884258 | L19: =B19/B18-1 -> -0.029951733 | M19: =C19/C18-1 -> -0.015826686 | N19: =D19/D18-1 -> -0.012141527 | O19: =E19/E18-1 -> -0.018726607 | P19: =F19/F18-1 -> -0.034393418 | U19: Check average return vs final index value: | AC19: Looks roughly normally distributed
A20: =Prices!A18 -> 43915 | B20: =Prices!B18 -> 1774.26 | C20: =Prices!C18 -> 40.43 | D20: =Prices!D18 -> 56.950001 | E20: =Prices!E18 -> 62.790001 | F20: =Prices!F18 -> 409 | G20: =G19*B20/B19 -> 106.13317 | H20: =H19*C20/C19 -> 99.556757 | I20: =I19*D20/D19 -> 97.583962 | J20: =J19*E20/E19 -> 100.75417 | K20: =K19*F20/F19 -> 94.675926 | L20: =B20/B19-1 -> 0.0053774656 | M20: =C20/C19-1 -> 0.00024745177 | N20: =D20/D19-1 -> 0.014428251 | O20: =E20/E19-1 -> -0.0014312977 | P20: =F20/F19-1 -> -0.0021956429 | U20: Ave>0 => index > 100 | V20: =IF(V6>0,IF(G467>100,"OK","Not OK"),IF(G467<100,"OK","Not OK")) -> OK | W20: =IF(W6>0,IF(H467>100,"OK","Not OK"),IF(H467<100,"OK","Not OK")) -> OK | X20: =IF(X6>0,IF(I467>100,"OK","Not OK"),IF(I467<100,"OK","Not OK")) -> OK | Y20: =IF(Y6>0,IF(J467>100,"OK","Not OK"),IF(J467<100,"OK","Not OK")) -> OK | Z20: =IF(Z6>0,IF(K467>100,"OK","Not OK"),IF(K467<100,"OK","Not OK")) -> OK | AC20: But quite a few outliers, and perhaps a little high in the middle.
A21: =Prices!A19 -> 43916 | B21: =Prices!B19 -> 1783.76 | C21: =Prices!C19 -> 40.580002 | D21: =Prices!D19 -> 57.790001 | E21: =Prices!E19 -> 63.200001 | F21: =Prices!F19 -> 405 | G21: =G20*B21/B20 -> 106.70144 | H21: =H20*C21/C20 -> 99.926129 | I21: =I20*D21/D20 -> 99.023304 | J21: =J20*E21/E20 -> 101.41207 | K21: =K20*F21/F20 -> 93.75 | L21: =B21/B20-1 -> 0.0053543449 | M21: =C21/C20-1 -> 0.0037101657 | N21: =D21/D20-1 -> 0.01474978 | O21: =E21/E20-1 -> 0.0065297021 | P21: =F21/F20-1 -> -0.0097799511 | U21: (reverse is also checked)
A22: =Prices!A20 -> 43917 | B22: =Prices!B20 -> 1765.7 | C22: =Prices!C20 -> 40.650002 | D22: =Prices!D20 -> 57.66 | E22: =Prices!E20 -> 62.580002 | F22: =Prices!F20 -> 410.89999 | G22: =G21*B22/B21 -> 105.62112 | H22: =H21*C22/C21 -> 100.0985 | I22: =I21*D22/D21 -> 98.800547 | J22: =J21*E22/E21 -> 100.4172 | K22: =K21*F22/F21 -> 95.115739 | L22: =B22/B21-1 -> -0.010124713 | M22: =C22/C21-1 -> 0.0017249876 | N22: =D22/D21-1 -> -0.0022495414 | O22: =E22/E21-1 -> -0.0098101106 | P22: =F22/F21-1 -> 0.014567886
A23: =Prices!A21 -> 43918 | B23: =Prices!B21 -> 1773.42 | C23: =Prices!C21 -> 40.509998 | D23: =Prices!D21 -> 58.02 | E23: =Prices!E21 -> 62.639999 | F23: =Prices!F21 -> 407.10001 | G23: =G22*B23/B22 -> 106.08292 | H23: =H22*C23/C22 -> 99.753748 | I23: =I22*D23/D22 -> 99.417407 | J23: =J22*E23/E22 -> 100.51348 | K23: =K22*F23/F22 -> 94.236113 | L23: =B23/B22-1 -> 0.0043722565 | M23: =C23/C22-1 -> -0.0034441327 | N23: =D23/D22-1 -> 0.0062434964 | O23: =E23/E22-1 -> 0.0009587248 | P23: =F23/F22-1 -> -0.0092479631 | AB23: Chi-Squared test:
A24: =Prices!A22 -> 43919 | B24: =Prices!B22 -> 1780.75 | C24: =Prices!C22 -> 40.580002 | D24: =Prices!D22 -> 58.849998 | E24: =Prices!E22 -> 62.59 | F24: =Prices!F22 -> 412.39999 | G24: =G23*B24/B23 -> 106.52139 | H24: =H23*C24/C23 -> 99.926129 | I24: =I23*D24/D23 -> 100.83961 | J24: =J23*E24/E23 -> 100.43325 | K24: =K23*F24/F23 -> 95.462962 | L24: =B24/B23-1 -> 0.0041332317 | M24: =C24/C23-1 -> 0.0017280672 | N24: =D24/D23-1 -> 0.014305377 | O24: =E24/E23-1 -> -0.00079819605 | P24: =F24/F23-1 -> 0.013018885
A25: =Prices!A23 -> 43922 | B25: =Prices!B23 -> 1814.1899 | C25: =Prices!C23 -> 41.759998 | D25: =Prices!D23 -> 59.849998 | E25: =Prices!E23 -> 63.279999 | F25: =Prices!F23 -> 416.39999 | G25: =G24*B25/B24 -> 108.52171 | H25: =H24*C25/C24 -> 102.83181 | I25: =I24*D25/D24 -> 102.55311 | J25: =J24*E25/E24 -> 101.54043 | K25: =K24*F25/F24 -> 96.388888 | L25: =B25/B24-1 -> 0.018778571 | M25: =C25/C24-1 -> 0.029078264 | N25: =D25/D24-1 -> 0.016992354 | O25: =E25/E24-1 -> 0.011024109 | P25: =F25/F24-1 -> 0.0096993212 | AB25: First method - using equally spaced probability bands
A26: =Prices!A24 -> 43923 | B26: =Prices!B24 -> 1813.98 | C26: =Prices!C24 -> 42.150002 | D26: =Prices!D24 -> 60.98 | E26: =Prices!E24 -> 63.509998 | F26: =Prices!F24 -> 422.39999 | G26: =G25*B26/B25 -> 108.50915 | H26: =H25*C26/C25 -> 103.79217 | I26: =I25*D26/D25 -> 104.48937 | J26: =J25*E26/E25 -> 101.9095 | K26: =K25*F26/F25 -> 97.777776 | L26: =B26/B25-1 -> -0.00011573264 | M26: =C26/C25-1 -> 0.0093391767 | N26: =D26/D25-1 -> 0.018880569 | O26: =E26/E25-1 -> 0.003634624 | P26: =F26/F25-1 -> 0.014409222
A27: =Prices!A25 -> 43924 | B27: =Prices!B25 -> 1820.7 | C27: =Prices!C25 -> 42.549999 | D27: =Prices!D25 -> 61.02 | E27: =Prices!E25 -> 63.82 | F27: =Prices!F25 -> 428.60001 | G27: =G26*B27/B26 -> 108.91113 | H27: =H26*C27/C26 -> 104.77714 | I27: =I26*D27/D26 -> 104.55791 | J27: =J26*E27/E26 -> 102.40693 | K27: =K26*F27/F26 -> 99.212964 | L27: =B27/B26-1 -> 0.0037045453 | M27: =C27/C26-1 -> 0.0094898453 | N27: =D27/D26-1 -> 0.00065595277 | O27: =E27/E26-1 -> 0.0048811527 | P27: =F27/F26-1 -> 0.014678059 | AB27: Band | AC27: From | AD27: To | AE27: Actual | AF27: Expected
A28: =Prices!A26 -> 43925 | B28: =Prices!B26 -> 1818.86 | C28: =Prices!C26 -> 42.299999 | D28: =Prices!D26 -> 61.040001 | E28: =Prices!E26 -> 63.970001 | F28: =Prices!F26 -> 429.10001 | G28: =G27*B28/B27 -> 108.80106 | H28: =H27*C28/C27 -> 104.16153 | I28: =I27*D28/D27 -> 104.59219 | J28: =J27*E28/E27 -> 102.64763 | K28: =K27*F28/F27 -> 99.328705 | L28: =B28/B27-1 -> -0.0010105817 | M28: =C28/C27-1 -> -0.0058754408 | N28: =D28/D27-1 -> 0.00032777778 | O28: =E28/E27-1 -> 0.0023503761 | P28: =F28/F27-1 -> 0.0011665889 | AB28: 1 | AC28: =PERCENTILE($L$5:$P$467,(AB28-1)/10) -> -0.17172198 | AD28: =PERCENTILE($L$5:$P$467,AB28/10) -> -0.023126486 | AE28: =COUNTIFS($L$5:$P$467,">="&AC28,$L$5:$P$467,"<"&AD28) -> 232 | AF28: =$AA$10*_xlfn.NORM.DIST(AD28,$AA$6,$AA$7,TRUE) -> 381.5788
A29: =Prices!A27 -> 43926 | B29: =Prices!B27 -> 1837.28 | C29: =Prices!C27 -> 42.48 | D29: =Prices!D27 -> 61.07 | E29: =Prices!E27 -> 64.519997 | F29: =Prices!F27 -> 430.5 | G29: =G28*B29/B28 -> 109.90292 | H29: =H28*C29/C28 -> 104.60477 | I29: =I28*D29/D28 -> 104.64359 | J29: =J28*E29/E28 -> 103.53016 | K29: =K28*F29/F28 -> 99.652778 | L29: =B29/B28-1 -> 0.010127247 | M29: =C29/C28-1 -> 0.0042553429 | N29: =D29/D28-1 -> 0.00049146461 | O29: =E29/E28-1 -> 0.0085977175 | P29: =F29/F28-1 -> 0.0032626287 | AB29: 2 | AC29: =PERCENTILE($L$5:$P$467,(AB29-1)/10) -> -0.023126486 | AD29: =PERCENTILE($L$5:$P$467,AB29/10) -> -0.012695051 | AE29: =COUNTIFS($L$5:$P$467,">="&AC29,$L$5:$P$467,"<"&AD29) -> 231 | AF29: =$AA$10*_xlfn.NORM.DIST(AD29,$AA$6,$AA$7,TRUE)-SUM($AF$28:AF28) -> 302.17191
A30: =Prices!A28 -> 43929 | B30: =Prices!B28 -> 1849.86 | C30: =Prices!C28 -> 42.560001 | D30: =Prices!D28 -> 62.360001 | E30: =Prices!E28 -> 65.300003 | F30: =Prices!F28 -> 429.60001 | G30: =G29*B30/B29 -> 110.65543 | H30: =H29*C30/C29 -> 104.80177 | I30: =I29*D30/D29 -> 106.85401 | J30: =J29*E30/E29 -> 104.78178 | K30: =K29*F30/F29 -> 99.444446 | L30: =B30/B29-1 -> 0.0068470542 | M30: =C30/C29-1 -> 0.0018832627 | N30: =D30/D29-1 -> 0.021123318 | O30: =E30/E29-1 -> 0.012089368 | P30: =F30/F29-1 -> -0.0020905784 | AB30: 3 | AC30: =PERCENTILE($L$5:$P$467,(AB30-1)/10) -> -0.012695051 | AD30: =PERCENTILE($L$5:$P$467,AB30/10) -> -0.0066225425 | AE30: =COUNTIFS($L$5:$P$467,">="&AC30,$L$5:$P$467,"<"&AD30) -> 232 | AF30: =$AA$10*_xlfn.NORM.DIST(AD30,$AA$6,$AA$7,TRUE)-SUM($AF$28:AF29) -> 215.46876
A31: =Prices!A29 -> 43930 | B31: =Prices!B29 -> 1835.84 | C31: =Prices!C29 -> 42.630001 | D31: =Prices!D29 -> 61.889999 | E31: =Prices!E29 -> 64.57 | F31: =Prices!F29 -> 431.70001 | G31: =G30*B31/B30 -> 109.81678 | H31: =H30*C31/C30 -> 104.97414 | I31: =I30*D31/D30 -> 106.04866 | J31: =J30*E31/E30 -> 103.6104 | K31: =K30*F31/F30 -> 99.930558 | L31: =B31/B30-1 -> -0.0075789623 | M31: =C31/C30-1 -> 0.0016447368 | N31: =D31/D30-1 -> -0.0075369146 | O31: =E31/E30-1 -> -0.011179218 | P31: =F31/F30-1 -> 0.0048882821 | AB31: 4 | AC31: =PERCENTILE($L$5:$P$467,(AB31-1)/10) -> -0.0066225425 | AD31: =PERCENTILE($L$5:$P$467,AB31/10) -> -0.0028187969 | AE31: =COUNTIFS($L$5:$P$467,">="&AC31,$L$5:$P$467,"<"&AD31) -> 231 | AF31: =$AA$10*_xlfn.NORM.DIST(AD31,$AA$6,$AA$7,TRUE)-SUM($AF$28:AF30) -> 143.9983
A32: =Prices!A30 -> 43931 | B32: =Prices!B30 -> 1847.33 | C32: =Prices!C30 -> 42.540001 | D32: =Prices!D30 -> 62.400002 | E32: =Prices!E30 -> 65.010002 | F32: =Prices!F30 -> 429.89999 | G32: =G31*B32/B31 -> 110.50409 | H32: =H31*C32/C31 -> 104.75252 | I32: =I31*D32/D31 -> 106.92255 | J32: =J31*E32/E31 -> 104.31643 | K32: =K31*F32/F31 -> 99.513888 | L32: =B32/B31-1 -> 0.00625871 | M32: =C32/C31-1 -> -0.0021111893 | N32: =D32/D31-1 -> 0.0082404752 | O32: =E32/E31-1 -> 0.006814341 | P32: =F32/F31-1 -> -0.0041696038 | AB32: 5 | AC32: =PERCENTILE($L$5:$P$467,(AB32-1)/10) -> -0.0028187969 | AD32: =PERCENTILE($L$5:$P$467,AB32/10) -> 0.0003170233 | AE32: =COUNTIFS($L$5:$P$467,">="&AC32,$L$5:$P$467,"<"&AD32) -> 231 | AF32: =$AA$10*_xlfn.NORM.DIST(AD32,$AA$6,$AA$7,TRUE)-SUM($AF$28:AF31) -> 121.03179
A33: =Prices!A31 -> 43932 | B33: =Prices!B31 -> 1844.0699 | C33: =Prices!C31 -> 42.59 | D33: =Prices!D31 -> 62.060001 | E33: =Prices!E31 -> 64.919998 | F33: =Prices!F31 -> 416.5 | G33: =G32*B33/B32 -> 110.30908 | H33: =H32*C33/C32 -> 104.87564 | I33: =I32*D33/D32 -> 106.33996 | J33: =J32*E33/E32 -> 104.17201 | K33: =K32*F33/F32 -> 96.412037 | L33: =B33/B32-1 -> -0.0017647145 | M33: =C33/C32-1 -> 0.0011753408 | N33: =D33/D32-1 -> -0.0054487338 | O33: =E33/E32-1 -> -0.0013844639 | P33: =F33/F32-1 -> -0.031170026 | AB33: 6 | AC33: =PERCENTILE($L$5:$P$467,(AB33-1)/10) -> 0.0003170233 | AD33: =PERCENTILE($L$5:$P$467,AB33/10) -> 0.003636134 | AE33: =COUNTIFS($L$5:$P$467,">="&AC33,$L$5:$P$467,"<"&AD33) -> 232 | AF33: =$AA$10*_xlfn.NORM.DIST(AD33,$AA$6,$AA$7,TRUE)-SUM($AF$28:AF32) -> 127.93566
A34: =Prices!A32 -> 43933 | B34: =Prices!B32 -> 1843.0601 | C34: =Prices!C32 -> 43.040001 | D34: =Prices!D32 -> 62.779999 | E34: =Prices!E32 -> 64.5 | F34: =Prices!F32 -> 418 | G34: =G33*B34/B33 -> 110.24867 | H34: =H33*C34/C33 -> 105.98375 | I34: =I33*D34/D33 -> 107.57368 | J34: =J33*E34/E33 -> 103.49807 | K34: =K33*F34/F33 -> 96.759259 | L34: =B34/B33-1 -> -0.00054764029 | M34: =C34/C33-1 -> 0.010565884 | N34: =D34/D33-1 -> 0.011601643 | O34: =E34/E33-1 -> -0.0064694703 | P34: =F34/F33-1 -> 0.0036014406 | AB34: 7 | AC34: =PERCENTILE($L$5:$P$467,(AB34-1)/10) -> 0.003636134 | AD34: =PERCENTILE($L$5:$P$467,AB34/10) -> 0.007619471 | AE34: =COUNTIFS($L$5:$P$467,">="&AC34,$L$5:$P$467,"<"&AD34) -> 231 | AF34: =$AA$10*_xlfn.NORM.DIST(AD34,$AA$6,$AA$7,TRUE)-SUM($AF$28:AF33) -> 149.93503
A35: =Prices!A33 -> 43936 | B35: =Prices!B33 -> 1844.87 | C35: =Prices!C33 -> 42.889999 | D35: =Prices!D33 -> 62.459999 | E35: =Prices!E33 -> 64.580002 | F35: =Prices!F33 -> 418.70001 | G35: =G34*B35/B34 -> 110.35694 | H35: =H34*C35/C34 -> 105.61438 | I35: =I34*D35/D34 -> 107.02536 | J35: =J34*E35/E34 -> 103.62645 | K35: =K34*F35/F34 -> 96.921299 | L35: =B35/B34-1 -> 0.00098202768 | M35: =C35/C34-1 -> -0.0034851765 | N35: =D35/D34-1 -> -0.0050971648 | O35: =E35/E34-1 -> 0.0012403411 | P35: =F35/F34-1 -> 0.0016746699 | AB35: 8 | AC35: =PERCENTILE($L$5:$P$467,(AB35-1)/10) -> 0.007619471 | AD35: =PERCENTILE($L$5:$P$467,AB35/10) -> 0.012699513 | AE35: =COUNTIFS($L$5:$P$467,">="&AC35,$L$5:$P$467,"<"&AD35) -> 232 | AF35: =$AA$10*_xlfn.NORM.DIST(AD35,$AA$6,$AA$7,TRUE)-SUM($AF$28:AF34) -> 179.70221
A36: =Prices!A34 -> 43937 | B36: =Prices!B34 -> 1863.04 | C36: =Prices!C34 -> 43.330002 | D36: =Prices!D34 -> 60.34 | E36: =Prices!E34 -> 64.300003 | F36: =Prices!F34 -> 426.29999 | G36: =G35*B36/B35 -> 111.44384 | H36: =H35*C36/C35 -> 106.69786 | I36: =I35*D36/D35 -> 103.39273 | J36: =J35*E36/E35 -> 103.17716 | K36: =K35*F36/F35 -> 98.680553 | L36: =B36/B35-1 -> 0.0098489563 | M36: =C36/C35-1 -> 0.010258872 | N36: =D36/D35-1 -> -0.033941707 | O36: =E36/E35-1 -> -0.004335692 | P36: =F36/F35-1 -> 0.018151363 | AB36: 9 | AC36: =PERCENTILE($L$5:$P$467,(AB36-1)/10) -> 0.012699513 | AD36: =PERCENTILE($L$5:$P$467,AB36/10) -> 0.022913873 | AE36: =COUNTIFS($L$5:$P$467,">="&AC36,$L$5:$P$467,"<"&AD36) -> 231 | AF36: =$AA$10*_xlfn.NORM.DIST(AD36,$AA$6,$AA$7,TRUE)-SUM($AF$28:AF35) -> 299.5022
A37: =Prices!A35 -> 43938 | B37: =Prices!B35 -> 1864.8199 | C37: =Prices!C35 -> 43.459999 | D37: =Prices!D35 -> 60.459999 | E37: =Prices!E35 -> 64.589996 | F37: =Prices!F35 -> 435 | G37: =G36*B37/B36 -> 111.55031 | H37: =H36*C37/C36 -> 107.01797 | I37: =I36*D37/D36 -> 103.59835 | J37: =J36*E37/E36 -> 103.64248 | K37: =K36*F37/F36 -> 100.69444 | L37: =B37/B36-1 -> 0.00095537775 | M37: =C37/C36-1 -> 0.0030001614 | N37: =D37/D36-1 -> 0.001988714 | O37: =E37/E36-1 -> 0.0045099998 | P37: =F37/F36-1 -> 0.020408192 | AB37: 10 | AC37: =PERCENTILE($L$5:$P$467,(AB37-1)/10) -> 0.022913873 | AD37: =PERCENTILE($L$5:$P$467,AB37/10) -> 0.19679467 | AE37: =COUNTIFS($L$5:$P$467,">="&AC37,$L$5:$P$467,"<="&AD37) -> 232 | AF37: =$AA$10*_xlfn.NORM.DIST(AD37,$AA$6,$AA$7,TRUE)-SUM($AF$28:AF36) -> 393.67534
A38: =Prices!A36 -> 43939 | B38: =Prices!B36 -> 1861.6899 | C38: =Prices!C36 -> 43.25 | D38: =Prices!D36 -> 60.77 | E38: =Prices!E36 -> 64.199997 | F38: =Prices!F36 -> 431.60001 | G38: =G37*B38/B37 -> 111.36308 | H38: =H37*C38/C37 -> 106.50086 | I38: =I37*D38/D37 -> 104.12954 | J38: =J37*E38/E37 -> 103.01668 | K38: =K37*F38/F37 -> 99.907409 | L38: =B38/B37-1 -> -0.0016784489 | M38: =C38/C37-1 -> -0.0048320066 | N38: =D38/D37-1 -> 0.0051273736 | O38: =E38/E37-1 -> -0.0060380713 | P38: =F38/F37-1 -> -0.0078160782
A39: =Prices!A37 -> 43943 | B39: =Prices!B37 -> 1887.3101 | C39: =Prices!C37 -> 43.220001 | D39: =Prices!D37 -> 60.869999 | E39: =Prices!E37 -> 65.239998 | F39: =Prices!F37 -> 425.60001 | G39: =G38*B39/B38 -> 112.89563 | H39: =H38*C39/C38 -> 106.42699 | I39: =I38*D39/D38 -> 104.30089 | J39: =J38*E39/E38 -> 104.68549 | K39: =K38*F39/F38 -> 98.51852 | L39: =B39/B38-1 -> 0.013761753 | M39: =C39/C38-1 -> -0.0006936185 | N39: =D39/D38-1 -> 0.0016455323 | O39: =E39/E38-1 -> 0.016199393 | P39: =F39/F38-1 -> -0.013901761 | AC39: Chi squared: | AE39: =_xlfn.CHISQ.TEST(AE28:AE37,AF28:AF37) -> 2.5583455e-92
A40: =Prices!A38 -> 43944 | B40: =Prices!B38 -> 1923.77 | C40: =Prices!C38 -> 43.150002 | D40: =Prices!D38 -> 60.599998 | E40: =Prices!E38 -> 65 | F40: =Prices!F38 -> 422.79999 | G40: =G39*B40/B39 -> 115.0766 | H40: =H39*C40/C39 -> 106.25462 | I40: =I39*D40/D39 -> 103.83824 | J40: =J39*E40/E39 -> 104.30039 | K40: =K39*F40/F39 -> 97.870368 | L40: =B40/B39-1 -> 0.01931848 | M40: =C40/C39-1 -> -0.0016195974 | N40: =D40/D39-1 -> -0.0044356991 | O40: =E40/E39-1 -> -0.0036786942 | P40: =F40/F39-1 -> -0.0065789896 | AC40: Very unlikely to be normal.
A41: =Prices!A39 -> 43945 | B41: =Prices!B39 -> 1901.75 | C41: =Prices!C39 -> 42.830002 | D41: =Prices!D39 -> 59.43 | E41: =Prices!E39 -> 63.459999 | F41: =Prices!F39 -> 418.79999 | G41: =G40*B41/B40 -> 113.7594 | H41: =H40*C41/C40 -> 105.46664 | I41: =I40*D41/D40 -> 101.83345 | J41: =J40*E41/E40 -> 101.82927 | K41: =K40*F41/F40 -> 96.944442 | L41: =B41/B40-1 -> -0.011446285 | M41: =C41/C40-1 -> -0.0074159904 | N41: =D41/D40-1 -> -0.019306898 | O41: =E41/E40-1 -> -0.023692323 | P41: =F41/F40-1 -> -0.0094607382 | AC41: But symmetrical around zero.
A42: =Prices!A40 -> 43946 | B42: =Prices!B40 -> 1902.25 | C42: =Prices!C40 -> 42.759998 | D42: =Prices!D40 -> 59.34 | E42: =Prices!E40 -> 63.619999 | F42: =Prices!F40 -> 424.5 | G42: =G41*B42/B41 -> 113.78931 | H42: =H41*C42/C41 -> 105.29425 | I42: =I41*D42/D41 -> 101.67923 | J42: =J41*E42/E41 -> 102.08601 | K42: =K41*F42/F41 -> 98.263889 | L42: =B42/B41-1 -> 0.00026291574 | M42: =C42/C41-1 -> -0.0016344617 | N42: =D42/D41-1 -> -0.0015143867 | O42: =E42/E41-1 -> 0.0025212733 | P42: =F42/F41-1 -> 0.013610344
A43: =Prices!A41 -> 43947 | B43: =Prices!B41 -> 1950.63 | C43: =Prices!C41 -> 43.07 | D43: =Prices!D41 -> 59.299999 | E43: =Prices!E41 -> 63.060001 | F43: =Prices!F41 -> 431.39999 | G43: =G42*B43/B42 -> 116.68332 | H43: =H42*C43/C42 -> 106.05762 | I43: =I42*D43/D42 -> 101.61069 | J43: =J42*E43/E42 -> 101.18742 | K43: =K42*F43/F42 -> 99.86111 | L43: =B43/B42-1 -> 0.025433042 | M43: =C43/C42-1 -> 0.0072498132 | N43: =D43/D42-1 -> -0.00067409842 | O43: =E43/E42-1 -> -0.0088022321 | P43: =F43/F42-1 -> 0.016254403 | AB43: Alternative method - using equally spaced reading bands
A44: =Prices!A42 -> 43950 | B44: =Prices!B42 -> 1938.4301 | C44: =Prices!C42 -> 43.299999 | D44: =Prices!D42 -> 59.290001 | E44: =Prices!E42 -> 63.130001 | F44: =Prices!F42 -> 429.5 | G44: =G43*B44/B43 -> 115.95354 | H44: =H43*C44/C43 -> 106.62398 | I44: =I43*D44/D43 -> 101.59356 | J44: =J43*E44/E43 -> 101.29974 | K44: =K43*F44/F43 -> 99.421296 | L44: =B44/B43-1 -> -0.0062543645 | M44: =C44/C43-1 -> 0.0053401207 | N44: =D44/D43-1 -> -0.00016860034 | O44: =E44/E43-1 -> 0.0011100539 | P44: =F44/F43-1 -> -0.0044042513
A45: =Prices!A43 -> 43951 | B45: =Prices!B43 -> 1926.52 | C45: =Prices!C43 -> 43.57 | D45: =Prices!D43 -> 58.900002 | E45: =Prices!E43 -> 63.529999 | F45: =Prices!F43 -> 430.89999 | G45: =G44*B45/B44 -> 115.2411 | H45: =H44*C45/C44 -> 107.28884 | I45: =I44*D45/D44 -> 100.92529 | J45: =J44*E45/E44 -> 101.94159 | K45: =K44*F45/F44 -> 99.745369 | L45: =B45/B44-1 -> -0.006144165 | M45: =C45/C44-1 -> 0.0062355891 | N45: =D45/D44-1 -> -0.0065778208 | O45: =E45/E44-1 -> 0.0063361 | P45: =F45/F44-1 -> 0.0032595902 | AB45: Band | AC45: From | AD45: To | AE45: Actual | AF45: Expected | AG45: (A-E)^2/E
A46: =Prices!A44 -> 43952 | B46: =Prices!B44 -> 1911.52 | C46: =Prices!C44 -> 43.200001 | D46: =Prices!D44 -> 57.939999 | E46: =Prices!E44 -> 62.720001 | F46: =Prices!F44 -> 427.60001 | G46: =G45*B46/B45 -> 114.34383 | H46: =H45*C46/C45 -> 106.37774 | I46: =I45*D46/D45 -> 99.280326 | J46: =J45*E46/E45 -> 100.64185 | K46: =K45*F46/F45 -> 98.981483 | L46: =B46/B45-1 -> -0.0077860598 | M46: =C46/C45-1 -> -0.0084920588 | N46: =D46/D45-1 -> -0.016298862 | O46: =E46/E45-1 -> -0.012749851 | P46: =F46/F45-1 -> -0.0076583617 | AB46: 1 | AC46: =MIN($L$5:$P$467) -> -0.17172198 | AD46: =AC46+(MAX($L$5:$P$467)-MIN($L$5:$P$467))/10 -> -0.13487031 | AE46: =COUNTIFS($L$5:$P$467,">="&AC46,$L$5:$P$467,"<"&AD46) -> 4 | AF46: =$AA$10*_xlfn.NORM.DIST(AD46,$AA$6,$AA$7,TRUE) -> 1.7928838e-05 | AG46: =((AE46-AF46)^2)/AF46 -> 892408.99
A47: =Prices!A45 -> 43953 | B47: =Prices!B45 -> 1900.8199 | C47: =Prices!C45 -> 43.470001 | D47: =Prices!D45 -> 57.439999 | E47: =Prices!E45 -> 63.700001 | F47: =Prices!F45 -> 426.20001 | G47: =G46*B47/B46 -> 113.70377 | H47: =H46*C47/C46 -> 107.0426 | I47: =I46*D47/D46 -> 98.423574 | J47: =J46*E47/E46 -> 102.21438 | K47: =K46*F47/F46 -> 98.65741 | L47: =B47/B46-1 -> -0.0055976782 | M47: =C47/C46-1 -> 0.0062499999 | N47: =D47/D46-1 -> -0.008629617 | O47: =E47/E46-1 -> 0.015625 | P47: =F47/F46-1 -> -0.0032740739 | AB47: 2 | AC47: =AD46 -> -0.13487031 | AD47: =AC47+(MAX($L$5:$P$467)-MIN($L$5:$P$467))/10 -> -0.098018647 | AE47: =COUNTIFS($L$5:$P$467,">="&AC47,$L$5:$P$467,"<"&AD47) -> 5 | AF47: =$AA$10*_xlfn.NORM.DIST(AD47,$AA$6,$AA$7,TRUE)-SUM($AF$46:AF46) -> 0.045337729 | AG47: =((AE47-AF47)^2)/AF47 -> 541.46246
A48: =Prices!A46 -> 43954 | B48: =Prices!B46 -> 1962.46 | C48: =Prices!C46 -> 44.700001 | D48: =Prices!D46 -> 58.919998 | E48: =Prices!E46 -> 64.290001 | F48: =Prices!F46 -> 417.39999 | G48: =G47*B48/B47 -> 117.39097 | H48: =H47*C48/C47 -> 110.07141 | I48: =I47*D48/D47 -> 100.95956 | J48: =J47*E48/E47 -> 103.16111 | K48: =K47*F48/F47 -> 96.620369 | L48: =B48/B47-1 -> 0.032428119 | M48: =C48/C47-1 -> 0.028295375 | N48: =D48/D47-1 -> 0.025766 | O48: =E48/E47-1 -> 0.0092621663 | P48: =F48/F47-1 -> -0.020647625 | AB48: 3 | AC48: =AD47 -> -0.098018647 | AD48: =AC48+(MAX($L$5:$P$467)-MIN($L$5:$P$467))/10 -> -0.061166983 | AE48: =COUNTIFS($L$5:$P$467,">="&AC48,$L$5:$P$467,"<"&AD48) -> 24 | AF48: =$AA$10*_xlfn.NORM.DIST(AD48,$AA$6,$AA$7,TRUE)-SUM($AF$46:AF47) -> 11.779956 | AG48: =((AE48-AF48)^2)/AF48 -> 12.676573
A49: =Prices!A47 -> 43957 | B49: =Prices!B47 -> 1950.55 | C49: =Prices!C47 -> 43.790001 | D49: =Prices!D47 -> 58.080002 | E49: =Prices!E47 -> 64.110001 | F49: =Prices!F47 -> 415.5 | G49: =G48*B49/B48 -> 116.67853 | H49: =H48*C49/C48 -> 107.83058 | I49: =I48*D49/D48 -> 99.520221 | J49: =J48*E49/E48 -> 102.87227 | K49: =K48*F49/F48 -> 96.180556 | L49: =B49/B48-1 -> -0.0060688688 | M49: =C49/C48-1 -> -0.020357941 | N49: =D49/D48-1 -> -0.014256552 | O49: =E49/E48-1 -> -0.0027998133 | P49: =F49/F48-1 -> -0.0045519742 | AB49: 4 | AC49: =AD48 -> -0.061166983 | AD49: =AC49+(MAX($L$5:$P$467)-MIN($L$5:$P$467))/10 -> -0.024315318 | AE49: =COUNTIFS($L$5:$P$467,">="&AC49,$L$5:$P$467,"<"&AD49) -> 179 | AF49: =$AA$10*_xlfn.NORM.DIST(AD49,$AA$6,$AA$7,TRUE)-SUM($AF$46:AF48) -> 341.8473 | AG49: =((AE49-AF49)^2)/AF49 -> 77.576283
A50: =Prices!A48 -> 43958 | B50: =Prices!B48 -> 1921 | C50: =Prices!C48 -> 43.150002 | D50: =Prices!D48 -> 58.290001 | E50: =Prices!E48 -> 62.23 | F50: =Prices!F48 -> 413.10001 | G50: =G49*B50/B49 -> 114.9109 | H50: =H49*C50/C49 -> 106.25462 | I50: =I49*D50/D49 -> 99.880055 | J50: =J49*E50/E49 -> 99.855584 | K50: =K49*F50/F49 -> 95.625001 | L50: =B50/B49-1 -> -0.015149598 | M50: =C50/C49-1 -> -0.014615186 | N50: =D50/D49-1 -> 0.0036156851 | O50: =E50/E49-1 -> -0.029324613 | P50: =F50/F49-1 -> -0.0057761588 | AB50: 5 | AC50: =AD49 -> -0.024315318 | AD50: =AC50+(MAX($L$5:$P$467)-MIN($L$5:$P$467))/10 -> 0.012536347 | AE50: =COUNTIFS($L$5:$P$467,">="&AC50,$L$5:$P$467,"<"&AD50) -> 1631 | AF50: =$AA$10*_xlfn.NORM.DIST(AD50,$AA$6,$AA$7,TRUE)-SUM($AF$46:AF49) -> 1262.6428 | AG50: =((AE50-AF50)^2)/AF50 -> 107.4627
A51: =Prices!A49 -> 43959 | B51: =Prices!B49 -> 1917.77 | C51: =Prices!C49 -> 42.84 | D51: =Prices!D49 -> 57.669998 | E51: =Prices!E49 -> 62.709999 | F51: =Prices!F49 -> 415.10001 | G51: =G50*B51/B50 -> 114.71769 | H51: =H50*C51/C50 -> 105.49126 | I51: =I50*D51/D50 -> 98.817678 | J51: =J50*E51/E50 -> 100.6258 | K51: =K50*F51/F50 -> 96.087964 | L51: =B51/B50-1 -> -0.0016814055 | M51: =C51/C50-1 -> -0.007184287 | N51: =D51/D50-1 -> -0.010636524 | O51: =E51/E50-1 -> 0.0077133055 | P51: =F51/F50-1 -> 0.0048414427 | AB51: 6 | AC51: =AD50 -> 0.012536347 | AD51: =AC51+(MAX($L$5:$P$467)-MIN($L$5:$P$467))/10 -> 0.049388011 | AE51: =COUNTIFS($L$5:$P$467,">="&AC51,$L$5:$P$467,"<"&AD51) -> 417 | AF51: =$AA$10*_xlfn.NORM.DIST(AD51,$AA$6,$AA$7,TRUE)-SUM($AF$46:AF50) -> 653.41439 | AG51: =((AE51-AF51)^2)/AF51 -> 85.538005
A52: =Prices!A50 -> 43960 | B52: =Prices!B50 -> 1899.87 | C52: =Prices!C50 -> 42.779999 | D52: =Prices!D50 -> 57.740002 | E52: =Prices!E50 -> 63.130001 | F52: =Prices!F50 -> 407.60001 | G52: =G51*B52/B51 -> 113.64694 | H52: =H51*C52/C51 -> 105.34351 | I52: =I51*D52/D51 -> 98.93763 | J52: =J51*E52/E51 -> 101.29974 | K52: =K51*F52/F51 -> 94.351853 | L52: =B52/B51-1 -> -0.0093337704 | M52: =C52/C51-1 -> -0.0014005836 | N52: =D52/D51-1 -> 0.0012138721 | O52: =E52/E51-1 -> 0.0066975284 | P52: =F52/F51-1 -> -0.018067935 | AB52: 7 | AC52: =AD51 -> 0.049388011 | AD52: =AC52+(MAX($L$5:$P$467)-MIN($L$5:$P$467))/10 -> 0.086239676 | AE52: =COUNTIFS($L$5:$P$467,">="&AC52,$L$5:$P$467,"<"&AD52) -> 42 | AF52: =$AA$10*_xlfn.NORM.DIST(AD52,$AA$6,$AA$7,TRUE)-SUM($AF$46:AF51) -> 44.911415 | AG52: =((AE52-AF52)^2)/AF52 -> 0.18873461
A53: =Prices!A51 -> 43961 | B53: =Prices!B51 -> 1889.98 | C53: =Prices!C51 -> 42.860001 | D53: =Prices!D51 -> 58.869999 | E53: =Prices!E51 -> 63.549999 | F53: =Prices!F51 -> 413.10001 | G53: =G52*B53/B52 -> 113.05534 | H53: =H52*C53/C52 -> 105.54051 | I53: =I52*D53/D52 -> 100.87388 | J53: =J52*E53/E52 -> 101.97368 | K53: =K52*F53/F52 -> 95.625001 | L53: =B53/B52-1 -> -0.0052056272 | M53: =C53/C52-1 -> 0.0018700795 | N53: =D53/D52-1 -> 0.019570436 | O53: =E53/E52-1 -> 0.0066529066 | P53: =F53/F52-1 -> 0.013493621 | AB53: 8 | AC53: =AD52 -> 0.086239676 | AD53: =AC53+(MAX($L$5:$P$467)-MIN($L$5:$P$467))/10 -> 0.12309134 | AE53: =COUNTIFS($L$5:$P$467,">="&AC53,$L$5:$P$467,"<"&AD53) -> 8 | AF53: =$AA$10*_xlfn.NORM.DIST(AD53,$AA$6,$AA$7,TRUE)-SUM($AF$46:AF52) -> 0.35846495 | AG53: =((AE53-AF53)^2)/AF53 -> 162.89754
A54: =Prices!A52 -> 43964 | B54: =Prices!B52 -> 1822.6801 | C54: =Prices!C52 -> 42.07 | D54: =Prices!D52 -> 57.16 | E54: =Prices!E52 -> 63.380001 | F54: =Prices!F52 -> 417 | G54: =G53*B54/B53 -> 109.02957 | H54: =H53*C54/C53 -> 103.59517 | I54: =I53*D54/D53 -> 97.943795 | J54: =J53*E54/E53 -> 101.7009 | K54: =K53*F54/F53 -> 96.527778 | L54: =B54/B53-1 -> -0.035608804 | M54: =C54/C53-1 -> -0.018432127 | N54: =D54/D53-1 -> -0.029047036 | O54: =E54/E53-1 -> -0.0026750276 | P54: =F54/F53-1 -> 0.0094407987 | AB54: 9 | AC54: =AD53 -> 0.12309134 | AD54: =AC54+(MAX($L$5:$P$467)-MIN($L$5:$P$467))/10 -> 0.15994301 | AE54: =COUNTIFS($L$5:$P$467,">="&AC54,$L$5:$P$467,"<"&AD54) -> 4 | AF54: =$AA$10*_xlfn.NORM.DIST(AD54,$AA$6,$AA$7,TRUE)-SUM($AF$46:AF53) -> 0.00030043556 | AG54: =((AE54-AF54)^2)/AF54 -> 53248.013
A55: =Prices!A53 -> 43965 | B55: =Prices!B53 -> 1840.12 | C55: =Prices!C53 -> 42.150002 | D55: =Prices!D53 -> 58.459999 | E55: =Prices!E53 -> 64.110001 | F55: =Prices!F53 -> 425.29999 | G55: =G54*B55/B54 -> 110.0728 | H55: =H54*C55/C54 -> 103.79217 | I55: =I54*D55/D54 -> 100.17135 | J55: =J54*E55/E54 -> 102.87227 | K55: =K54*F55/F54 -> 98.449071 | L55: =B55/B54-1 -> 0.0095682953 | M55: =C55/C54-1 -> 0.0019016401 | N55: =D55/D54-1 -> 0.02274316 | O55: =E55/E54-1 -> 0.011517829 | P55: =F55/F54-1 -> 0.019904048 | AB55: 10 | AC55: =AD54 -> 0.15994301 | AD55: =AC55+(MAX($L$5:$P$467)-MIN($L$5:$P$467))/10 -> 0.19679467 | AE55: =COUNTIFS($L$5:$P$467,">="&AC55,$L$5:$P$467,"<"&AD55) -> 0 | AF55: =$AA$10*_xlfn.NORM.DIST(AD55,$AA$6,$AA$7,TRUE)-SUM($AF$46:AF54) -> 2.5053851e-08 | AG55: =((AE55-AF55)^2)/AF55 -> 2.5053851e-08
A56: =Prices!A54 -> 43966 | B56: =Prices!B54 -> 1871.15 | C56: =Prices!C54 -> 42.560001 | D56: =Prices!D54 -> 58.290001 | E56: =Prices!E54 -> 64.860001 | F56: =Prices!F54 -> 419.89999 | G56: =G55*B56/B55 -> 111.92896 | H56: =H55*C56/C55 -> 104.80177 | I56: =I55*D56/D55 -> 99.880055 | J56: =J55*E56/E55 -> 104.07574 | K56: =K55*F56/F55 -> 97.199073 | L56: =B56/B55-1 -> 0.016863046 | M56: =C56/C55-1 -> 0.0097271407 | N56: =D56/D55-1 -> -0.0029079371 | O56: =E56/E55-1 -> 0.011698643 | P56: =F56/F55-1 -> -0.012696906
A57: =Prices!A55 -> 43967 | B57: =Prices!B55 -> 1907.5699 | C57: =Prices!C55 -> 42.23 | D57: =Prices!D55 -> 59.779999 | E57: =Prices!E55 -> 64.260002 | F57: =Prices!F55 -> 416.89999 | G57: =G56*B57/B56 -> 114.10754 | H57: =H56*C57/C56 -> 103.98916 | I57: =I56*D57/D56 -> 102.43317 | J57: =J56*E57/E56 -> 103.11297 | K57: =K56*F57/F56 -> 96.504628 | L57: =B57/B56-1 -> 0.019463924 | M57: =C57/C56-1 -> -0.0077537827 | N57: =D57/D56-1 -> 0.025561811 | O57: =E57/E56-1 -> -0.0092506782 | P57: =F57/F56-1 -> -0.0071445583 | AC57: Chi Squared: | AE57: =_xlfn.CHISQ.TEST(AE46:AE55,AF46:AF55) -> 0
A58: =Prices!A56 -> 43968 | B58: =Prices!B56 -> 1869 | C58: =Prices!C56 -> 41.610001 | D58: =Prices!D56 -> 59.959999 | E58: =Prices!E56 -> 64.269997 | F58: =Prices!F56 -> 417.79999 | G58: =G57*B58/B57 -> 111.80035 | H58: =H57*C58/C57 -> 102.46245 | I58: =I57*D58/D57 -> 102.7416 | J58: =J57*E58/E57 -> 103.12901 | K58: =K57*F58/F57 -> 96.71296 | L58: =B58/B57-1 -> -0.020219414 | M58: =C58/C57-1 -> -0.014681482 | N58: =D58/D57-1 -> 0.0030110405 | O58: =E58/E57-1 -> 0.00015553999 | P58: =F58/F57-1 -> 0.0021587767 | AB58: This method doesn't work well, as Chi-Sq test should have expected values > 5
A59: =Prices!A57 -> 43971 | B59: =Prices!B57 -> 1858.97 | C59: =Prices!C57 -> 41.419998 | D59: =Prices!D57 -> 59.740002 | E59: =Prices!E57 -> 64.43 | F59: =Prices!F57 -> 411.89999 | G59: =G58*B59/B58 -> 111.20037 | H59: =H58*C59/C58 -> 101.99458 | I59: =I58*D59/D58 -> 102.36463 | J59: =J58*E59/E58 -> 103.38575 | K59: =K58*F59/F58 -> 95.347221 | L59: =B59/B58-1 -> -0.0053665217 | M59: =C59/C58-1 -> -0.004566282 | N59: =D59/D58-1 -> -0.0036690628 | O59: =E59/E58-1 -> 0.0024895442 | P59: =F59/F58-1 -> -0.014121575
A60: =Prices!A58 -> 43972 | B60: =Prices!B58 -> 1857.52 | C60: =Prices!C58 -> 41.68 | D60: =Prices!D58 -> 59.759998 | E60: =Prices!E58 -> 64.470001 | F60: =Prices!F58 -> 402.29999 | G60: =G59*B60/B59 -> 111.11364 | H60: =H59*C60/C59 -> 102.63482 | I60: =I59*D60/D59 -> 102.3989 | J60: =J59*E60/E59 -> 103.44994 | K60: =K59*F60/F59 -> 93.124997 | L60: =B60/B59-1 -> -0.00077997548 | M60: =C60/C59-1 -> 0.0062772094 | N60: =D60/D59-1 -> 0.0003347171 | O60: =E60/E59-1 -> 0.00062084433 | P60: =F60/F59-1 -> -0.023306643
A61: =Prices!A59 -> 43973 | B61: =Prices!B59 -> 1859.6801 | C61: =Prices!C59 -> 41.700001 | D61: =Prices!D59 -> 59.450001 | E61: =Prices!E59 -> 63.720001 | F61: =Prices!F59 -> 404.29999 | G61: =G60*B61/B60 -> 111.24285 | H61: =H60*C61/C60 -> 102.68407 | I61: =I60*D61/D60 -> 101.86772 | J61: =J60*E61/E60 -> 102.24647 | K61: =K60*F61/F60 -> 93.58796 | L61: =B61/B60-1 -> 0.0011628591 | M61: =C61/C60-1 -> 0.00047987044 | N61: =D61/D60-1 -> -0.0051873663 | O61: =E61/E60-1 -> -0.011633318 | P61: =F61/F60-1 -> 0.0049714145
A62: =Prices!A60 -> 43974 | B62: =Prices!B60 -> 1815.48 | C62: =Prices!C60 -> 41.810001 | D62: =Prices!D60 -> 58.77 | E62: =Prices!E60 -> 62.459999 | F62: =Prices!F60 -> 408.20001 | G62: =G61*B62/B61 -> 108.59888 | H62: =H61*C62/C61 -> 102.95494 | I62: =I61*D62/D61 -> 100.70253 | J62: =J61*E62/E61 -> 100.22465 | K62: =K61*F62/F61 -> 94.490744 | L62: =B62/B61-1 -> -0.023767569 | M62: =C62/C61-1 -> 0.0026378896 | N62: =D62/D61-1 -> -0.0114382 | O62: =E62/E61-1 -> -0.019774042 | P62: =F62/F61-1 -> 0.0096463619
A63: =Prices!A61 -> 43975 | B63: =Prices!B61 -> 1823.28 | C63: =Prices!C61 -> 42 | D63: =Prices!D61 -> 59.709999 | E63: =Prices!E61 -> 63.299999 | F63: =Prices!F61 -> 402.39999 | G63: =G62*B63/B62 -> 109.06546 | H63: =H62*C63/C62 -> 103.4228 | I63: =I62*D63/D62 -> 102.31322 | J63: =J62*E63/E62 -> 101.57253 | K63: =K62*F63/F62 -> 93.148147 | L63: =B63/B62-1 -> 0.0042964115 | M63: =C63/C62-1 -> 0.0045443433 | N63: =D63/D62-1 -> 0.015994538 | O63: =E63/E62-1 -> 0.013448607 | P63: =F63/F62-1 -> -0.014208765
A64: =Prices!A62 -> 43979 | B64: =Prices!B62 -> 1836.4301 | C64: =Prices!C62 -> 41.560001 | D64: =Prices!D62 -> 60.630001 | E64: =Prices!E62 -> 62.560001 | F64: =Prices!F62 -> 408.20001 | G64: =G63*B64/B63 -> 109.85207 | H64: =H63*C64/C63 -> 102.33933 | I64: =I63*D64/D63 -> 103.88965 | J64: =J63*E64/E63 -> 100.38511 | K64: =K63*F64/F63 -> 94.490744 | L64: =B64/B63-1 -> 0.0072122904 | M64: =C64/C63-1 -> -0.010476167 | N64: =D64/D63-1 -> 0.015407838 | O64: =E64/E63-1 -> -0.011690332 | P64: =F64/F63-1 -> 0.014413564
A65: =Prices!A63 -> 43980 | B65: =Prices!B63 -> 1819.1899 | C65: =Prices!C63 -> 41.560001 | D65: =Prices!D63 -> 59.389999 | E65: =Prices!E63 -> 62.360001 | F65: =Prices!F63 -> 404.60001 | G65: =G64*B65/B64 -> 108.8208 | H65: =H64*C65/C64 -> 102.33933 | I65: =I64*D65/D64 -> 101.7649 | J65: =J64*E65/E64 -> 100.06419 | K65: =K64*F65/F64 -> 93.657409 | L65: =B65/B64-1 -> -0.0093878408 | M65: =C65/C64-1 -> 0 | N65: =D65/D64-1 -> -0.020451954 | O65: =E65/E64-1 -> -0.0031969309 | P65: =F65/F64-1 -> -0.0088192207
A66: =Prices!A64 -> 43981 | B66: =Prices!B64 -> 1816.3199 | C66: =Prices!C64 -> 41.290001 | D66: =Prices!D64 -> 58.93 | E66: =Prices!E64 -> 62.279999 | F66: =Prices!F64 -> 403.10001 | G66: =G65*B66/B65 -> 108.64912 | H66: =H65*C66/C65 -> 101.67446 | I66: =I65*D66/D65 -> 100.97669 | J66: =J65*E66/E65 -> 99.935814 | K66: =K65*F66/F65 -> 93.310187 | L66: =B66/B65-1 -> -0.0015776225 | M66: =C66/C65-1 -> -0.0064966312 | N66: =D66/D65-1 -> -0.007745395 | O66: =E66/E65-1 -> -0.0012829057 | P66: =F66/F65-1 -> -0.0037073652
A67: =Prices!A65 -> 43982 | B67: =Prices!B65 -> 1775.0699 | C67: =Prices!C65 -> 40.77 | D67: =Prices!D65 -> 57.93 | E67: =Prices!E65 -> 61.810001 | F67: =Prices!F65 -> 417.79999 | G67: =G66*B67/B66 -> 106.18162 | H67: =H66*C67/C66 -> 100.39399 | I67: =I66*D67/D66 -> 99.263192 | J67: =J66*E67/E66 -> 99.181645 | K67: =K66*F67/F66 -> 96.71296 | L67: =B67/B66-1 -> -0.022710756 | M67: =C67/C66-1 -> -0.012593872 | N67: =D67/D66-1 -> -0.016969286 | O67: =E67/E66-1 -> -0.0075465319 | P67: =F67/F66-1 -> 0.036467333
A68: =Prices!A66 -> 43985 | B68: =Prices!B66 -> 1692.6899 | C68: =Prices!C66 -> 40.84 | D68: =Prices!D66 -> 58.759998 | E68: =Prices!E66 -> 62.380001 | F68: =Prices!F66 -> 410.60001 | G68: =G67*B68/B67 -> 101.25379 | H68: =H67*C68/C67 -> 100.56636 | I68: =I67*D68/D67 -> 100.6854 | J68: =J67*E68/E67 -> 100.09628 | K68: =K67*F68/F67 -> 95.046298 | L68: =B68/B67-1 -> -0.046409442 | M68: =C68/C67-1 -> 0.0017169487 | N68: =D68/D67-1 -> 0.014327602 | O68: =E68/E67-1 -> 0.0092218086 | P68: =F68/F67-1 -> -0.017233083
A69: =Prices!A67 -> 43986 | B69: =Prices!B67 -> 1729.5601 | C69: =Prices!C67 -> 41.189999 | D69: =Prices!D67 -> 59.25 | E69: =Prices!E67 -> 62.48 | F69: =Prices!F67 -> 413.60001 | G69: =G68*B69/B68 -> 103.4593 | H69: =H68*C69/C68 -> 101.42821 | I69: =I68*D69/D68 -> 101.52502 | J69: =J68*E69/E68 -> 100.25674 | K69: =K68*F69/F68 -> 95.740742 | L69: =B69/B68-1 -> 0.021781968 | M69: =C69/C68-1 -> 0.0085700049 | N69: =D69/D68-1 -> 0.0083390404 | O69: =E69/E68-1 -> 0.0016030619 | P69: =F69/F68-1 -> 0.0073063808
A70: =Prices!A68 -> 43987 | B70: =Prices!B68 -> 1738.5 | C70: =Prices!C68 -> 41.139999 | D70: =Prices!D68 -> 58.040001 | E70: =Prices!E68 -> 62.759998 | F70: =Prices!F68 -> 417 | G70: =G69*B70/B69 -> 103.99407 | H70: =H69*C70/C69 -> 101.30509 | I70: =I69*D70/D69 -> 99.451679 | J70: =J69*E70/E69 -> 100.70603 | K70: =K69*F70/F69 -> 96.527778 | L70: =B70/B69-1 -> 0.0051689104 | M70: =C70/C69-1 -> -0.0012138869 | N70: =D70/D69-1 -> -0.020421924 | O70: =E70/E69-1 -> 0.004481402 | P70: =F70/F69-1 -> 0.0082204883
... A467: =Prices!A465 -> 44560 | B467: =Prices!B465 -> 3285.8501 | C467: =Prices!C465 -> 25.940001 | D467: =Prices!D465 -> 75.989998 | E467: =Prices!E465 -> 36.029999 | F467: =Prices!F465 -> 328 | G467: =G466*B467/B466 -> 196.55388 | H467: =H466*C467/C466 -> 63.875894 | I467: =I466*D467/D466 -> 130.20904 | J467: =J466*E467/E466 -> 57.814504 | K467: =K466*F467/F466 -> 75.925926 | L467: =B467/B466-1 -> -0.010881969 | M467: =C467/C466-1 -> 0.0046475988 | N467: =D467/D466-1 -> -0.0018389466 | O467: =E467/E466-1 -> -0.003043719 | P467: =F467/F466-1 -> -0.0021296379

Sheet Parameters
A1: Parameters
A3: Total notional investment | B3: 1000
A4: Number of stocks | B4: 5
A5: Invesment per stock | B5: =B3/B4 -> 200

Sheet Moving Ave
A1: Moving averages calculations
G2: 50-day rolling average | L2: 200-day rolling average
A3: Date | B3: Tech | C3: Banking | D3: Mining | E3: Energy | F3: Insurance | G3: =B3 -> Tech | H3: =C3 -> Banking | I3: =D3 -> Mining | J3: =E3 -> Energy | K3: =F3 -> Insurance | L3: =G3 -> Tech | M3: =H3 -> Banking | N3: =I3 -> Mining | ... P3: =K3 -> Insurance
A4: =Prices!A2 -> 43891 | B4: =Prices!B2 -> 1671.73 | C4: =Prices!C2 -> 40.610001 | D4: =Prices!D2 -> 58.360001 | E4: =Prices!E2 -> 62.32 | F4: =Prices!F2 -> 432 | H4: Formulas start on 02/01/2021
A5: =Prices!A3 -> 43894 | B5: =Prices!B3 -> 1696.17 | C5: =Prices!C3 -> 40.68 | D5: =Prices!D3 -> 58.66 | E5: =Prices!E3 -> 62.290001 | F5: =Prices!F3 -> 434.5
A6: =Prices!A4 -> 43895 | B6: =Prices!B4 -> 1692.4301 | C6: =Prices!C4 -> 41 | D6: =Prices!D4 -> 58.919998 | E6: =Prices!E4 -> 62.380001 | F6: =Prices!F4 -> 438.79999
A7: =Prices!A5 -> 43896 | B7: =Prices!B5 -> 1668.95 | C7: =Prices!C5 -> 40.970001 | D7: =Prices!D5 -> 59.189999 | E7: =Prices!E5 -> 62.389999 | F7: =Prices!F5 -> 433.29999
A8: =Prices!A6 -> 43897 | B8: =Prices!B6 -> 1625.95 | C8: =Prices!C6 -> 40.869999 | D8: =Prices!D6 -> 54.740002 | E8: =Prices!E6 -> 61.57 | F8: =Prices!F6 -> 419
A9: =Prices!A7 -> 43898 | B9: =Prices!B7 -> 1620.8 | C9: =Prices!C7 -> 40.869999 | D9: =Prices!D7 -> 54.66 | E9: =Prices!E7 -> 60.799999 | F9: =Prices!F7 -> 414.89999
A10: =Prices!A8 -> 43901 | B10: =Prices!B8 -> 1670.62 | C10: =Prices!C8 -> 41.009998 | D10: =Prices!D8 -> 55.279999 | E10: =Prices!E8 -> 61.23 | F10: =Prices!F8 -> 421.70001
A11: =Prices!A9 -> 43902 | B11: =Prices!B9 -> 1673.1 | C11: =Prices!C9 -> 41.07 | D11: =Prices!D9 -> 55.32 | E11: =Prices!E9 -> 61.34 | F11: =Prices!F9 -> 420
A12: =Prices!A10 -> 43903 | B12: =Prices!B10 -> 1690.8101 | C12: =Prices!C10 -> 41.119999 | D12: =Prices!D10 -> 56.029999 | E12: =Prices!E10 -> 62.990002 | F12: =Prices!F10 -> 419.79999
A13: =Prices!A11 -> 43904 | B13: =Prices!B11 -> 1686.22 | C13: =Prices!C11 -> 41.139999 | D13: =Prices!D11 -> 56 | E13: =Prices!E11 -> 63.049999 | F13: =Prices!F11 -> 425.60001
A14: =Prices!A12 -> 43905 | B14: =Prices!B12 -> 1712.36 | C14: =Prices!C12 -> 41.41 | D14: =Prices!D12 -> 55.98 | E14: =Prices!E12 -> 63.290001 | F14: =Prices!F12 -> 433.89999
A15: =Prices!A13 -> 43908 | B15: =Prices!B13 -> 1742.15 | C15: =Prices!C13 -> 41.529999 | D15: =Prices!D13 -> 56.990002 | E15: =Prices!E13 -> 64.089996 | F15: =Prices!F13 -> 436
A16: =Prices!A14 -> 43909 | B16: =Prices!B14 -> 1761.85 | C16: =Prices!C14 -> 41.380001 | D16: =Prices!D14 -> 56.52 | E16: =Prices!E14 -> 63.950001 | F16: =Prices!F14 -> 434.29999
... A215: =Prices!A213 -> 44196 | B215: =Prices!B213 -> 1847.84 | C215: =Prices!C213 -> 39.09 | D215: =Prices!D213 -> 59.360001 | E215: =Prices!E213 -> 58.98 | F215: =Prices!F213 -> 423.60001
A216: =Prices!A214 -> 44198 | B216: =Prices!B214 -> 1898.01 | C216: =Prices!C214 -> 39.369999 | D216: =Prices!D214 -> 59.889999 | E216: =Prices!E214 -> 59.740002 | F216: =Prices!F214 -> 419.39999 | G216: =AVERAGE(B166:B215) -> 1778.7844 | H216: =AVERAGE(C166:C215) -> 37.972 | I216: =AVERAGE(D166:D215) -> 55.2592 | J216: =AVERAGE(E166:E215) -> 58.6786 | K216: =AVERAGE(F166:F215) -> 416.09 | L216: =AVERAGE(B16:B215) -> 1826.8595 | M216: =AVERAGE(C16:C215) -> 39.64655 | N216: =AVERAGE(D16:D215) -> 56.17445 | O216: =AVERAGE(E16:E215) -> 60.66765 | P216: =AVERAGE(F16:F215) -> 407.4455
A217: =Prices!A215 -> 44199 | B217: =Prices!B215 -> 1874.97 | C217: =Prices!C215 -> 38.759998 | D217: =Prices!D215 -> 58.84 | E217: =Prices!E215 -> 60.209999 | F217: =Prices!F215 -> 414 | G217: =AVERAGE(B167:B216) -> 1781.0314 | H217: =AVERAGE(C167:C216) -> 37.9764 | I217: =AVERAGE(D167:D216) -> 55.4194 | J217: =AVERAGE(E167:E216) -> 58.7078 | K217: =AVERAGE(F167:F216) -> 416.106 | L217: =AVERAGE(B17:B216) -> 1827.5403 | M217: =AVERAGE(C17:C216) -> 39.6365 | N217: =AVERAGE(D17:D216) -> 56.1913 | O217: =AVERAGE(E17:E216) -> 60.6466 | P217: =AVERAGE(F17:F216) -> 407.371
A218: =Prices!A216 -> 44202 | B218: =Prices!B216 -> 1902.88 | C218: =Prices!C216 -> 38.630001 | D218: =Prices!D216 -> 58.450001 | E218: =Prices!E216 -> 60.959999 | F218: =Prices!F216 -> 417.39999 | G218: =AVERAGE(B168:B217) -> 1783.2162 | H218: =AVERAGE(C168:C217) -> 37.9674 | I218: =AVERAGE(D168:D217) -> 55.5522 | J218: =AVERAGE(E168:E217) -> 58.7332 | K218: =AVERAGE(F168:F217) -> 415.956 | L218: =AVERAGE(B18:B217) -> 1827.9288 | M218: =AVERAGE(C18:C217) -> 39.62425 | N218: =AVERAGE(D18:D217) -> 56.20225 | O218: =AVERAGE(E18:E217) -> 60.62525 | P218: =AVERAGE(F18:F217) -> 407.303
A219: =Prices!A217 -> 44203 | B219: =Prices!B217 -> 1906.86 | C219: =Prices!C217 -> 38.34 | D219: =Prices!D217 -> 58.389999 | E219: =Prices!E217 -> 60.400002 | F219: =Prices!F217 -> 416.10001 | G219: =AVERAGE(B169:B218) -> 1786.0304 | H219: =AVERAGE(C169:C218) -> 37.9528 | I219: =AVERAGE(D169:D218) -> 55.6786 | J219: =AVERAGE(E169:E218) -> 58.7602 | K219: =AVERAGE(F169:F218) -> 415.818 | L219: =AVERAGE(B19:B218) -> 1828.3469 | M219: =AVERAGE(C19:C218) -> 39.61205 | N219: =AVERAGE(D19:D218) -> 56.21035 | O219: =AVERAGE(E19:E218) -> 60.60965 | P219: =AVERAGE(F19:F218) -> 407.2675
A220: =Prices!A218 -> 44204 | B220: =Prices!B218 -> 1891.97 | C220: =Prices!C218 -> 38.25 | D220: =Prices!D218 -> 58.900002 | E220: =Prices!E218 -> 59.689999 | F220: =Prices!F218 -> 417.70001 | G220: =AVERAGE(B170:B219) -> 1788.552 | H220: =AVERAGE(C170:C219) -> 37.9304 | I220: =AVERAGE(D170:D219) -> 55.806 | J220: =AVERAGE(E170:E219) -> 58.7768 | K220: =AVERAGE(F170:F219) -> 415.722 | L220: =AVERAGE(B20:B219) -> 1829.0573 | M220: =AVERAGE(C20:C219) -> 39.60165 | N220: =AVERAGE(D20:D219) -> 56.2216 | O220: =AVERAGE(E20:E219) -> 60.59725 | P220: =AVERAGE(F20:F219) -> 407.2985
A221: =Prices!A219 -> 44205 | B221: =Prices!B219 -> 1901.05 | C221: =Prices!C219 -> 38.5 | D221: =Prices!D219 -> 58.290001 | E221: =Prices!E219 -> 59.68 | F221: =Prices!F219 -> 412.79999 | G221: =AVERAGE(B171:B220) -> 1791.1648 | H221: =AVERAGE(C171:C220) -> 37.905 | I221: =AVERAGE(D171:D220) -> 55.9328 | J221: =AVERAGE(E171:E220) -> 58.776 | K221: =AVERAGE(F171:F220) -> 415.592 | L221: =AVERAGE(B21:B220) -> 1829.6459 | M221: =AVERAGE(C21:C220) -> 39.59075 | N221: =AVERAGE(D21:D220) -> 56.23135 | O221: =AVERAGE(E21:E220) -> 60.58175 | P221: =AVERAGE(F21:F220) -> 407.342
A222: =Prices!A220 -> 44206 | B222: =Prices!B220 -> 1883.16 | C222: =Prices!C220 -> 38.139999 | D222: =Prices!D220 -> 58.450001 | E222: =Prices!E220 -> 59.009998 | F222: =Prices!F220 -> 411.60001 | G222: =AVERAGE(B172:B221) -> 1793.6442 | H222: =AVERAGE(C172:C221) -> 37.9132 | I222: =AVERAGE(D172:D221) -> 56.0318 | J222: =AVERAGE(E172:E221) -> 58.7712 | K222: =AVERAGE(F172:F221) -> 415.376 | L222: =AVERAGE(B22:B221) -> 1830.2323 | M222: =AVERAGE(C22:C221) -> 39.58035 | N222: =AVERAGE(D22:D221) -> 56.23385 | O222: =AVERAGE(E22:E221) -> 60.56415 | P222: =AVERAGE(F22:F221) -> 407.381
A223: =Prices!A221 -> 44209 | B223: =Prices!B221 -> 1891.3 | C223: =Prices!C221 -> 38.52 | D223: =Prices!D221 -> 59.130001 | E223: =Prices!E221 -> 58.959999 | F223: =Prices!F221 -> 411 | G223: =AVERAGE(B173:B222) -> 1796.0532 | H223: =AVERAGE(C173:C222) -> 37.9166 | I223: =AVERAGE(D173:D222) -> 56.1334 | J223: =AVERAGE(E173:E222) -> 58.7528 | K223: =AVERAGE(F173:F222) -> 415.28 | L223: =AVERAGE(B23:B222) -> 1830.8196 | M223: =AVERAGE(C23:C222) -> 39.5678 | N223: =AVERAGE(D23:D222) -> 56.2378 | O223: =AVERAGE(E23:E222) -> 60.5463 | P223: =AVERAGE(F23:F222) -> 407.3845
A224: =Prices!A222 -> 44210 | B224: =Prices!B222 -> 1869.4399 | C224: =Prices!C222 -> 38.380001 | D224: =Prices!D222 -> 59.23 | E224: =Prices!E222 -> 58.919998 | F224: =Prices!F222 -> 408.5 | G224: =AVERAGE(B174:B223) -> 1798.2794 | H224: =AVERAGE(C174:C223) -> 37.9284 | I224: =AVERAGE(D174:D223) -> 56.2654 | J224: =AVERAGE(E174:E223) -> 58.731 | K224: =AVERAGE(F174:F223) -> 415.196 | L224: =AVERAGE(B24:B223) -> 1831.409 | M224: =AVERAGE(C24:C223) -> 39.55785 | N224: =AVERAGE(D24:D223) -> 56.24335 | O224: =AVERAGE(E24:E223) -> 60.5279 | P224: =AVERAGE(F24:F223) -> 407.404
A225: =Prices!A223 -> 44211 | B225: =Prices!B223 -> 1862.02 | C225: =Prices!C223 -> 38.349998 | D225: =Prices!D223 -> 58.990002 | E225: =Prices!E223 -> 58.82 | F225: =Prices!F223 -> 406.89999 | G225: =AVERAGE(B175:B224) -> 1800.135 | H225: =AVERAGE(C175:C224) -> 37.9402 | I225: =AVERAGE(D175:D224) -> 56.4098 | J225: =AVERAGE(E175:E224) -> 58.75 | K225: =AVERAGE(F175:F224) -> 414.972 | L225: =AVERAGE(B25:B224) -> 1831.8525 | M225: =AVERAGE(C25:C224) -> 39.54685 | N225: =AVERAGE(D25:D224) -> 56.24525 | O225: =AVERAGE(E25:E224) -> 60.50955 | P225: =AVERAGE(F25:F224) -> 407.3845
A226: =Prices!A224 -> 44212 | B226: =Prices!B224 -> 1877.9399 | C226: =Prices!C224 -> 38.619999 | D226: =Prices!D224 -> 59.150002 | E226: =Prices!E224 -> 58.77 | F226: =Prices!F224 -> 407.70001 | G226: =AVERAGE(B176:B225) -> 1801.5466 | H226: =AVERAGE(C176:C225) -> 37.9458 | I226: =AVERAGE(D176:D225) -> 56.51 | J226: =AVERAGE(E176:E225) -> 58.7536 | K226: =AVERAGE(F176:F225) -> 414.67 | L226: =AVERAGE(B26:B225) -> 1832.0916 | M226: =AVERAGE(C26:C225) -> 39.5298 | N226: =AVERAGE(D26:D225) -> 56.24095 | O226: =AVERAGE(E26:E225) -> 60.48725 | P226: =AVERAGE(F26:F225) -> 407.337
A227: =Prices!A225 -> 44213 | B227: =Prices!B225 -> 1864.72 | C227: =Prices!C225 -> 38.77 | D227: =Prices!D225 -> 60.669998 | E227: =Prices!E225 -> 58.540001 | F227: =Prices!F225 -> 408.79999 | G227: =AVERAGE(B177:B226) -> 1803.0122 | H227: =AVERAGE(C177:C226) -> 37.9478 | I227: =AVERAGE(D177:D226) -> 56.5884 | J227: =AVERAGE(E177:E226) -> 58.7402 | K227: =AVERAGE(F177:F226) -> 414.188 | L227: =AVERAGE(B27:B226) -> 1832.4114 | M227: =AVERAGE(C27:C226) -> 39.51215 | N227: =AVERAGE(D27:D226) -> 56.2318 | O227: =AVERAGE(E27:E226) -> 60.46355 | P227: =AVERAGE(F27:F226) -> 407.2635
... A467: =Prices!A465 -> 44560 | B467: =Prices!B465 -> 3285.8501 | C467: =Prices!C465 -> 25.940001 | D467: =Prices!D465 -> 75.989998 | E467: =Prices!E465 -> 36.029999 | F467: =Prices!F465 -> 328 | G467: =AVERAGE(B417:B466) -> 3170.743 | H467: =AVERAGE(C417:C466) -> 24.6066 | I467: =AVERAGE(D417:D466) -> 66.4186 | J467: =AVERAGE(E417:E466) -> 32.396 | K467: =AVERAGE(F417:F466) -> 307.45 | L467: =AVERAGE(B267:B466) -> 2862.7965 | M467: =AVERAGE(C267:C466) -> 23.7792 | N467: =AVERAGE(D267:D466) -> 58.1215 | O467: =AVERAGE(E267:E466) -> 31.7446 | P467: =AVERAGE(F267:F466) -> 279.997

Sheet Modelling
A1: Modelling
B3: Strategy A: Hold | J3: Strategy B: Profit Taking | W3: Strategy C: Following Trend | AJ3: Strategy D: Moving Average
B4: Value | J4: Instruction | O4: Value | W4: Instruction | AB4: Value | AJ4: Instruction | AO4: Value
A5: Date | B5: Tech | C5: Banking | D5: Mining | E5: Energy | F5: Insurance | G5: Total | H5: Daily Return | J5: Tech | K5: Banking | L5: Mining | M5: Energy | N5: Insurance | O5: =J5 -> Tech | P5: =K5 -> Banking | Q5: =L5 -> Mining | R5: =M5 -> Energy | S5: =N5 -> Insurance | T5: Total | U5: Daily Return | W5: Tech | X5: Banking | Y5: Mining | Z5: Energy | AA5: Insurance | AB5: =W5 -> Tech | AC5: =X5 -> Banking | AD5: =Y5 -> Mining | AE5: =Z5 -> Energy | AF5: =AA5 -> Insurance | AG5: Total | AH5: Daily Return | AJ5: Tech | AK5: Banking | AL5: Mining | AM5: Energy | AN5: Insurance | AO5: =AJ5 -> Tech | AP5: =AK5 -> Banking | AQ5: =AL5 -> Mining | AR5: =AM5 -> Energy | AS5: =AN5 -> Insurance | AT5: Total | AU5: Daily Return
A6: =Prices!A214 -> 44198 | B6: =Parameters!$B$5 -> 200 | C6: =Parameters!$B$5 -> 200 | D6: =Parameters!$B$5 -> 200 | E6: =Parameters!$B$5 -> 200 | F6: =Parameters!$B$5 -> 200 | G6: =SUM(B6:F6) -> 1000 | H6: 0 | J6: =IF(AND('Data Checks'!B216>'Data Checks'!B215,'Data Checks'!B215>'Data Checks'!B214,'Data Checks'!B214>'Data Checks'!B213),"SELL",IF(AND('Data Checks'!B216<'Data Checks'!B215,'Data Checks'!B215<'Data Checks'!B214,'Data Checks'!B214<'Data Checks'!B213),"BUY","")) | K6: =IF(AND('Data Checks'!C216>'Data Checks'!C215,'Data Checks'!C215>'Data Checks'!C214,'Data Checks'!C214>'Data Checks'!C213),"SELL",IF(AND('Data Checks'!C216<'Data Checks'!C215,'Data Checks'!C215<'Data Checks'!C214,'Data Checks'!C214<'Data Checks'!C213),"BUY","")) | L6: =IF(AND('Data Checks'!D216>'Data Checks'!D215,'Data Checks'!D215>'Data Checks'!D214,'Data Checks'!D214>'Data Checks'!D213),"SELL",IF(AND('Data Checks'!D216<'Data Checks'!D215,'Data Checks'!D215<'Data Checks'!D214,'Data Checks'!D214<'Data Checks'!D213),"BUY","")) | M6: =IF(AND('Data Checks'!E216>'Data Checks'!E215,'Data Checks'!E215>'Data Checks'!E214,'Data Checks'!E214>'Data Checks'!E213),"SELL",IF(AND('Data Checks'!E216<'Data Checks'!E215,'Data Checks'!E215<'Data Checks'!E214,'Data Checks'!E214<'Data Checks'!E213),"BUY","")) | N6: =IF(AND('Data Checks'!F216>'Data Checks'!F215,'Data Checks'!F215>'Data Checks'!F214,'Data Checks'!F214>'Data Checks'!F213),"SELL",IF(AND('Data Checks'!F216<'Data Checks'!F215,'Data Checks'!F215<'Data Checks'!F214,'Data Checks'!F214<'Data Checks'!F213),"BUY","")) | O6: =Parameters!$B$5 -> 200 | P6: =Parameters!$B$5 -> 200 | Q6: =Parameters!$B$5 -> 200 | R6: =Parameters!$B$5 -> 200 | S6: =Parameters!$B$5 -> 200 | T6: =SUM(O6:S6) -> 1000 | U6: 0 | W6: =IF(AND('Data Checks'!B216>'Data Checks'!B215,'Data Checks'!B215>'Data Checks'!B214,'Data Checks'!B214>'Data Checks'!B213),"BUY",IF(AND('Data Checks'!B216<'Data Checks'!B215,'Data Checks'!B215<'Data Checks'!B214,'Data Checks'!B214<'Data Checks'!B213),"SELL","")) | X6: =IF(AND('Data Checks'!C216>'Data Checks'!C215,'Data Checks'!C215>'Data Checks'!C214,'Data Checks'!C214>'Data Checks'!C213),"BUY",IF(AND('Data Checks'!C216<'Data Checks'!C215,'Data Checks'!C215<'Data Checks'!C214,'Data Checks'!C214<'Data Checks'!C213),"SELL","")) | Y6: =IF(AND('Data Checks'!D216>'Data Checks'!D215,'Data Checks'!D215>'Data Checks'!D214,'Data Checks'!D214>'Data Checks'!D213),"BUY",IF(AND('Data Checks'!D216<'Data Checks'!D215,'Data Checks'!D215<'Data Checks'!D214,'Data Checks'!D214<'Data Checks'!D213),"SELL","")) | Z6: =IF(AND('Data Checks'!E216>'Data Checks'!E215,'Data Checks'!E215>'Data Checks'!E214,'Data Checks'!E214>'Data Checks'!E213),"BUY",IF(AND('Data Checks'!E216<'Data Checks'!E215,'Data Checks'!E215<'Data Checks'!E214,'Data Checks'!E214<'Data Checks'!E213),"SELL","")) | AA6: =IF(AND('Data Checks'!F216>'Data Checks'!F215,'Data Checks'!F215>'Data Checks'!F214,'Data Checks'!F214>'Data Checks'!F213),"BUY",IF(AND('Data Checks'!F216<'Data Checks'!F215,'Data Checks'!F215<'Data Checks'!F214,'Data Checks'!F214<'Data Checks'!F213),"SELL","")) | AB6: =Parameters!$B$5 -> 200 | AC6: =Parameters!$B$5 -> 200 | AD6: =Parameters!$B$5 -> 200 | AE6: =Parameters!$B$5 -> 200 | AF6: =Parameters!$B$5 -> 200 | AG6: =SUM(AB6:AF6) -> 1000 | AH6: 0 | AJ6: =IF('Moving Ave'!G216>'Moving Ave'!L216,"SELL","BUY") -> BUY | AK6: =IF('Moving Ave'!H216>'Moving Ave'!M216,"SELL","BUY") -> BUY | AL6: =IF('Moving Ave'!I216>'Moving Ave'!N216,"SELL","BUY") -> BUY | AM6: =IF('Moving Ave'!J216>'Moving Ave'!O216,"SELL","BUY") -> BUY | AN6: =IF('Moving Ave'!K216>'Moving Ave'!P216,"SELL","BUY") -> SELL | AO6: =Parameters!$B$5 -> 200 | AP6: =Parameters!$B$5 -> 200 | AQ6: =Parameters!$B$5 -> 200 | AR6: =Parameters!$B$5 -> 200 | AS6: =Parameters!$B$5 -> 200 | AT6: =SUM(AO6:AS6) -> 1000 | AU6: 0
A7: =Prices!A215 -> 44199 | B7: =B6*('Data Checks'!B217/'Data Checks'!B216) -> 197.57219 | C7: =C6*('Data Checks'!C217/'Data Checks'!C216) -> 196.90119 | D7: =D6*('Data Checks'!D217/'Data Checks'!D216) -> 196.49357 | E7: =E6*('Data Checks'!E217/'Data Checks'!E216) -> 201.57348 | F7: =F6*('Data Checks'!F217/'Data Checks'!F216) -> 197.4249 | G7: =SUM(B7:F7) -> 989.96532 | H7: =G7/G6-1 -> -0.010034676 | J7: =IF(AND('Data Checks'!B217>'Data Checks'!B216,'Data Checks'!B216>'Data Checks'!B215,'Data Checks'!B215>'Data Checks'!B214),"SELL",IF(AND('Data Checks'!B217<'Data Checks'!B216,'Data Checks'!B216<'Data Checks'!B215,'Data Checks'!B215<'Data Checks'!B214),"BUY","")) | K7: =IF(AND('Data Checks'!C217>'Data Checks'!C216,'Data Checks'!C216>'Data Checks'!C215,'Data Checks'!C215>'Data Checks'!C214),"SELL",IF(AND('Data Checks'!C217<'Data Checks'!C216,'Data Checks'!C216<'Data Checks'!C215,'Data Checks'!C215<'Data Checks'!C214),"BUY","")) | L7: =IF(AND('Data Checks'!D217>'Data Checks'!D216,'Data Checks'!D216>'Data Checks'!D215,'Data Checks'!D215>'Data Checks'!D214),"SELL",IF(AND('Data Checks'!D217<'Data Checks'!D216,'Data Checks'!D216<'Data Checks'!D215,'Data Checks'!D215<'Data Checks'!D214),"BUY","")) | M7: =IF(AND('Data Checks'!E217>'Data Checks'!E216,'Data Checks'!E216>'Data Checks'!E215,'Data Checks'!E215>'Data Checks'!E214),"SELL",IF(AND('Data Checks'!E217<'Data Checks'!E216,'Data Checks'!E216<'Data Checks'!E215,'Data Checks'!E215<'Data Checks'!E214),"BUY","")) -> SELL | N7: =IF(AND('Data Checks'!F217>'Data Checks'!F216,'Data Checks'!F216>'Data Checks'!F215,'Data Checks'!F215>'Data Checks'!F214),"SELL",IF(AND('Data Checks'!F217<'Data Checks'!F216,'Data Checks'!F216<'Data Checks'!F215,'Data Checks'!F215<'Data Checks'!F214),"BUY","")) | O7: =IF(J6="BUY",O6*('Data Checks'!B217/'Data Checks'!B216),IF(J6="SELL",O6*('Data Checks'!B216/'Data Checks'!B217),O6)) -> 200 | P7: =IF(K6="BUY",P6*('Data Checks'!C217/'Data Checks'!C216),IF(K6="SELL",P6*('Data Checks'!C216/'Data Checks'!C217),P6)) -> 200 | Q7: =IF(L6="BUY",Q6*('Data Checks'!D217/'Data Checks'!D216),IF(L6="SELL",Q6*('Data Checks'!D216/'Data Checks'!D217),Q6)) -> 200 | R7: =IF(M6="BUY",R6*('Data Checks'!E217/'Data Checks'!E216),IF(M6="SELL",R6*('Data Checks'!E216/'Data Checks'!E217),R6)) -> 200 | S7: =IF(N6="BUY",S6*('Data Checks'!F217/'Data Checks'!F216),IF(N6="SELL",S6*('Data Checks'!F216/'Data Checks'!F217),S6)) -> 200 | T7: =SUM(O7:S7) -> 1000 | U7: =T7/T6-1 -> 0 | W7: =IF(AND('Data Checks'!B217>'Data Checks'!B216,'Data Checks'!B216>'Data Checks'!B215,'Data Checks'!B215>'Data Checks'!B214),"BUY",IF(AND('Data Checks'!B217<'Data Checks'!B216,'Data Checks'!B216<'Data Checks'!B215,'Data Checks'!B215<'Data Checks'!B214),"SELL","")) | X7: =IF(AND('Data Checks'!C217>'Data Checks'!C216,'Data Checks'!C216>'Data Checks'!C215,'Data Checks'!C215>'Data Checks'!C214),"BUY",IF(AND('Data Checks'!C217<'Data Checks'!C216,'Data Checks'!C216<'Data Checks'!C215,'Data Checks'!C215<'Data Checks'!C214),"SELL","")) | Y7: =IF(AND('Data Checks'!D217>'Data Checks'!D216,'Data Checks'!D216>'Data Checks'!D215,'Data Checks'!D215>'Data Checks'!D214),"BUY",IF(AND('Data Checks'!D217<'Data Checks'!D216,'Data Checks'!D216<'Data Checks'!D215,'Data Checks'!D215<'Data Checks'!D214),"SELL","")) | Z7: =IF(AND('Data Checks'!E217>'Data Checks'!E216,'Data Checks'!E216>'Data Checks'!E215,'Data Checks'!E215>'Data Checks'!E214),"BUY",IF(AND('Data Checks'!E217<'Data Checks'!E216,'Data Checks'!E216<'Data Checks'!E215,'Data Checks'!E215<'Data Checks'!E214),"SELL","")) -> BUY | AA7: =IF(AND('Data Checks'!F217>'Data Checks'!F216,'Data Checks'!F216>'Data Checks'!F215,'Data Checks'!F215>'Data Checks'!F214),"BUY",IF(AND('Data Checks'!F217<'Data Checks'!F216,'Data Checks'!F216<'Data Checks'!F215,'Data Checks'!F215<'Data Checks'!F214),"SELL","")) | AB7: =IF(W6="BUY",AB6*('Data Checks'!B217/'Data Checks'!B216),IF(W6="SELL",AB6*('Data Checks'!B216/'Data Checks'!B217),AB6)) -> 200 | AC7: =IF(X6="BUY",AC6*('Data Checks'!C217/'Data Checks'!C216),IF(X6="SELL",AC6*('Data Checks'!C216/'Data Checks'!C217),AC6)) -> 200 | AD7: =IF(Y6="BUY",AD6*('Data Checks'!D217/'Data Checks'!D216),IF(Y6="SELL",AD6*('Data Checks'!D216/'Data Checks'!D217),AD6)) -> 200 | AE7: =IF(Z6="BUY",AE6*('Data Checks'!E217/'Data Checks'!E216),IF(Z6="SELL",AE6*('Data Checks'!E216/'Data Checks'!E217),AE6)) -> 200 | AF7: =IF(AA6="BUY",AF6*('Data Checks'!F217/'Data Checks'!F216),IF(AA6="SELL",AF6*('Data Checks'!F216/'Data Checks'!F217),AF6)) -> 200 | AG7: =SUM(AB7:AF7) -> 1000 | AH7: =AG7/AG6-1 -> 0 | AJ7: =IF('Moving Ave'!G217>'Moving Ave'!L217,"SELL","BUY") -> BUY | AK7: =IF('Moving Ave'!H217>'Moving Ave'!M217,"SELL","BUY") -> BUY | AL7: =IF('Moving Ave'!I217>'Moving Ave'!N217,"SELL","BUY") -> BUY | AM7: =IF('Moving Ave'!J217>'Moving Ave'!O217,"SELL","BUY") -> BUY | AN7: =IF('Moving Ave'!K217>'Moving Ave'!P217,"SELL","BUY") -> SELL | AO7: =IF(AJ6="BUY",AO6*('Data Checks'!B217/'Data Checks'!B216),AO6*('Data Checks'!B216/'Data Checks'!B217)) -> 197.57219 | AP7: =IF(AK6="BUY",AP6*('Data Checks'!C217/'Data Checks'!C216),AP6*('Data Checks'!C216/'Data Checks'!C217)) -> 196.90119 | AQ7: =IF(AL6="BUY",AQ6*('Data Checks'!D217/'Data Checks'!D216),AQ6*('Data Checks'!D216/'Data Checks'!D217)) -> 196.49357 | AR7: =IF(AM6="BUY",AR6*('Data Checks'!E217/'Data Checks'!E216),AR6*('Data Checks'!E216/'Data Checks'!E217)) -> 201.57348 | AS7: =IF(AN6="BUY",AS6*('Data Checks'!F217/'Data Checks'!F216),AS6*('Data Checks'!F216/'Data Checks'!F217)) -> 202.60869 | AT7: =SUM(AO7:AS7) -> 995.14912 | AU7: =AT7/AT6-1 -> -0.0048508788
A8: =Prices!A216 -> 44202 | B8: =B7*('Data Checks'!B218/'Data Checks'!B217) -> 200.51317 | C8: =C7*('Data Checks'!C218/'Data Checks'!C217) -> 196.2408 | D8: =D7*('Data Checks'!D218/'Data Checks'!D217) -> 195.19119 | E8: =E7*('Data Checks'!E218/'Data Checks'!E217) -> 204.08436 | F8: =F7*('Data Checks'!F218/'Data Checks'!F217) -> 199.04626 | G8: =SUM(B8:F8) -> 995.07577 | H8: =G8/G7-1 -> 0.005162251 | J8: =IF(AND('Data Checks'!B218>'Data Checks'!B217,'Data Checks'!B217>'Data Checks'!B216,'Data Checks'!B216>'Data Checks'!B215),"SELL",IF(AND('Data Checks'!B218<'Data Checks'!B217,'Data Checks'!B217<'Data Checks'!B216,'Data Checks'!B216<'Data Checks'!B215),"BUY","")) | K8: =IF(AND('Data Checks'!C218>'Data Checks'!C217,'Data Checks'!C217>'Data Checks'!C216,'Data Checks'!C216>'Data Checks'!C215),"SELL",IF(AND('Data Checks'!C218<'Data Checks'!C217,'Data Checks'!C217<'Data Checks'!C216,'Data Checks'!C216<'Data Checks'!C215),"BUY","")) | L8: =IF(AND('Data Checks'!D218>'Data Checks'!D217,'Data Checks'!D217>'Data Checks'!D216,'Data Checks'!D216>'Data Checks'!D215),"SELL",IF(AND('Data Checks'!D218<'Data Checks'!D217,'Data Checks'!D217<'Data Checks'!D216,'Data Checks'!D216<'Data Checks'!D215),"BUY","")) | M8: =IF(AND('Data Checks'!E218>'Data Checks'!E217,'Data Checks'!E217>'Data Checks'!E216,'Data Checks'!E216>'Data Checks'!E215),"SELL",IF(AND('Data Checks'!E218<'Data Checks'!E217,'Data Checks'!E217<'Data Checks'!E216,'Data Checks'!E216<'Data Checks'!E215),"BUY","")) -> SELL | N8: =IF(AND('Data Checks'!F218>'Data Checks'!F217,'Data Checks'!F217>'Data Checks'!F216,'Data Checks'!F216>'Data Checks'!F215),"SELL",IF(AND('Data Checks'!F218<'Data Checks'!F217,'Data Checks'!F217<'Data Checks'!F216,'Data Checks'!F216<'Data Checks'!F215),"BUY","")) | O8: =IF(J7="BUY",O7*('Data Checks'!B218/'Data Checks'!B217),IF(J7="SELL",O7*('Data Checks'!B217/'Data Checks'!B218),O7)) -> 200 | P8: =IF(K7="BUY",P7*('Data Checks'!C218/'Data Checks'!C217),IF(K7="SELL",P7*('Data Checks'!C217/'Data Checks'!C218),P7)) -> 200 | Q8: =IF(L7="BUY",Q7*('Data Checks'!D218/'Data Checks'!D217),IF(L7="SELL",Q7*('Data Checks'!D217/'Data Checks'!D218),Q7)) -> 200 | R8: =IF(M7="BUY",R7*('Data Checks'!E218/'Data Checks'!E217),IF(M7="SELL",R7*('Data Checks'!E217/'Data Checks'!E218),R7)) -> 197.53937 | S8: =IF(N7="BUY",S7*('Data Checks'!F218/'Data Checks'!F217),IF(N7="SELL",S7*('Data Checks'!F217/'Data Checks'!F218),S7)) -> 200 | T8: =SUM(O8:S8) -> 997.53937 | U8: =T8/T7-1 -> -0.00246063 | W8: =IF(AND('Data Checks'!B218>'Data Checks'!B217,'Data Checks'!B217>'Data Checks'!B216,'Data Checks'!B216>'Data Checks'!B215),"BUY",IF(AND('Data Checks'!B218<'Data Checks'!B217,'Data Checks'!B217<'Data Checks'!B216,'Data Checks'!B216<'Data Checks'!B215),"SELL","")) | X8: =IF(AND('Data Checks'!C218>'Data Checks'!C217,'Data Checks'!C217>'Data Checks'!C216,'Data Checks'!C216>'Data Checks'!C215),"BUY",IF(AND('Data Checks'!C218<'Data Checks'!C217,'Data Checks'!C217<'Data Checks'!C216,'Data Checks'!C216<'Data Checks'!C215),"SELL","")) | Y8: =IF(AND('Data Checks'!D218>'Data Checks'!D217,'Data Checks'!D217>'Data Checks'!D216,'Data Checks'!D216>'Data Checks'!D215),"BUY",IF(AND('Data Checks'!D218<'Data Checks'!D217,'Data Checks'!D217<'Data Checks'!D216,'Data Checks'!D216<'Data Checks'!D215),"SELL","")) | Z8: =IF(AND('Data Checks'!E218>'Data Checks'!E217,'Data Checks'!E217>'Data Checks'!E216,'Data Checks'!E216>'Data Checks'!E215),"BUY",IF(AND('Data Checks'!E218<'Data Checks'!E217,'Data Checks'!E217<'Data Checks'!E216,'Data Checks'!E216<'Data Checks'!E215),"SELL","")) -> BUY | AA8: =IF(AND('Data Checks'!F218>'Data Checks'!F217,'Data Checks'!F217>'Data Checks'!F216,'Data Checks'!F216>'Data Checks'!F215),"BUY",IF(AND('Data Checks'!F218<'Data Checks'!F217,'Data Checks'!F217<'Data Checks'!F216,'Data Checks'!F216<'Data Checks'!F215),"SELL","")) | AB8: =IF(W7="BUY",AB7*('Data Checks'!B218/'Data Checks'!B217),IF(W7="SELL",AB7*('Data Checks'!B217/'Data Checks'!B218),AB7)) -> 200 | AC8: =IF(X7="BUY",AC7*('Data Checks'!C218/'Data Checks'!C217),IF(X7="SELL",AC7*('Data Checks'!C217/'Data Checks'!C218),AC7)) -> 200 | AD8: =IF(Y7="BUY",AD7*('Data Checks'!D218/'Data Checks'!D217),IF(Y7="SELL",AD7*('Data Checks'!D217/'Data Checks'!D218),AD7)) -> 200 | AE8: =IF(Z7="BUY",AE7*('Data Checks'!E218/'Data Checks'!E217),IF(Z7="SELL",AE7*('Data Checks'!E217/'Data Checks'!E218),AE7)) -> 202.49128 | AF8: =IF(AA7="BUY",AF7*('Data Checks'!F218/'Data Checks'!F217),IF(AA7="SELL",AF7*('Data Checks'!F217/'Data Checks'!F218),AF7)) -> 200 | AG8: =SUM(AB8:AF8) -> 1002.4913 | AH8: =AG8/AG7-1 -> 0.0024912806 | AJ8: =IF('Moving Ave'!G218>'Moving Ave'!L218,"SELL","BUY") -> BUY | AK8: =IF('Moving Ave'!H218>'Moving Ave'!M218,"SELL","BUY") -> BUY | AL8: =IF('Moving Ave'!I218>'Moving Ave'!N218,"SELL","BUY") -> BUY | AM8: =IF('Moving Ave'!J218>'Moving Ave'!O218,"SELL","BUY") -> BUY | AN8: =IF('Moving Ave'!K218>'Moving Ave'!P218,"SELL","BUY") -> SELL | AO8: =IF(AJ7="BUY",AO7*('Data Checks'!B218/'Data Checks'!B217),AO7*('Data Checks'!B217/'Data Checks'!B218)) -> 200.51317 | AP8: =IF(AK7="BUY",AP7*('Data Checks'!C218/'Data Checks'!C217),AP7*('Data Checks'!C217/'Data Checks'!C218)) -> 196.2408 | AQ8: =IF(AL7="BUY",AQ7*('Data Checks'!D218/'Data Checks'!D217),AQ7*('Data Checks'!D217/'Data Checks'!D218)) -> 195.19119 | AR8: =IF(AM7="BUY",AR7*('Data Checks'!E218/'Data Checks'!E217),AR7*('Data Checks'!E217/'Data Checks'!E218)) -> 204.08436 | AS8: =IF(AN7="BUY",AS7*('Data Checks'!F218/'Data Checks'!F217),AS7*('Data Checks'!F217/'Data Checks'!F218)) -> 200.95831 | AT8: =SUM(AO8:AS8) -> 996.98783 | AU8: =AT8/AT7-1 -> 0.001847672
A9: =Prices!A217 -> 44203 | B9: =B8*('Data Checks'!B219/'Data Checks'!B218) -> 200.93255 | C9: =C8*('Data Checks'!C219/'Data Checks'!C218) -> 194.76759 | D9: =D8*('Data Checks'!D219/'Data Checks'!D218) -> 194.99082 | E9: =E8*('Data Checks'!E219/'Data Checks'!E218) -> 202.20957 | F9: =F8*('Data Checks'!F219/'Data Checks'!F218) -> 198.42633 | G9: =SUM(B9:F9) -> 991.32687 | H9: =G9/G8-1 -> -0.0037674576 | J9: =IF(AND('Data Checks'!B219>'Data Checks'!B218,'Data Checks'!B218>'Data Checks'!B217,'Data Checks'!B217>'Data Checks'!B216),"SELL",IF(AND('Data Checks'!B219<'Data Checks'!B218,'Data Checks'!B218<'Data Checks'!B217,'Data Checks'!B217<'Data Checks'!B216),"BUY","")) | K9: =IF(AND('Data Checks'!C219>'Data Checks'!C218,'Data Checks'!C218>'Data Checks'!C217,'Data Checks'!C217>'Data Checks'!C216),"SELL",IF(AND('Data Checks'!C219<'Data Checks'!C218,'Data Checks'!C218<'Data Checks'!C217,'Data Checks'!C217<'Data Checks'!C216),"BUY","")) -> BUY | L9: =IF(AND('Data Checks'!D219>'Data Checks'!D218,'Data Checks'!D218>'Data Checks'!D217,'Data Checks'!D217>'Data Checks'!D216),"SELL",IF(AND('Data Checks'!D219<'Data Checks'!D218,'Data Checks'!D218<'Data Checks'!D217,'Data Checks'!D217<'Data Checks'!D216),"BUY","")) -> BUY | M9: =IF(AND('Data Checks'!E219>'Data Checks'!E218,'Data Checks'!E218>'Data Checks'!E217,'Data Checks'!E217>'Data Checks'!E216),"SELL",IF(AND('Data Checks'!E219<'Data Checks'!E218,'Data Checks'!E218<'Data Checks'!E217,'Data Checks'!E217<'Data Checks'!E216),"BUY","")) | N9: =IF(AND('Data Checks'!F219>'Data Checks'!F218,'Data Checks'!F218>'Data Checks'!F217,'Data Checks'!F217>'Data Checks'!F216),"SELL",IF(AND('Data Checks'!F219<'Data Checks'!F218,'Data Checks'!F218<'Data Checks'!F217,'Data Checks'!F217<'Data Checks'!F216),"BUY","")) | O9: =IF(J8="BUY",O8*('Data Checks'!B219/'Data Checks'!B218),IF(J8="SELL",O8*('Data Checks'!B218/'Data Checks'!B219),O8)) -> 200 | P9: =IF(K8="BUY",P8*('Data Checks'!C219/'Data Checks'!C218),IF(K8="SELL",P8*('Data Checks'!C218/'Data Checks'!C219),P8)) -> 200 | Q9: =IF(L8="BUY",Q8*('Data Checks'!D219/'Data Checks'!D218),IF(L8="SELL",Q8*('Data Checks'!D218/'Data Checks'!D219),Q8)) -> 200 | R9: =IF(M8="BUY",R8*('Data Checks'!E219/'Data Checks'!E218),IF(M8="SELL",R8*('Data Checks'!E218/'Data Checks'!E219),R8)) -> 199.37085 | S9: =IF(N8="BUY",S8*('Data Checks'!F219/'Data Checks'!F218),IF(N8="SELL",S8*('Data Checks'!F218/'Data Checks'!F219),S8)) -> 200 | T9: =SUM(O9:S9) -> 999.37085 | U9: =T9/T8-1 -> 0.0018359987 | W9: =IF(AND('Data Checks'!B219>'Data Checks'!B218,'Data Checks'!B218>'Data Checks'!B217,'Data Checks'!B217>'Data Checks'!B216),"BUY",IF(AND('Data Checks'!B219<'Data Checks'!B218,'Data Checks'!B218<'Data Checks'!B217,'Data Checks'!B217<'Data Checks'!B216),"SELL","")) | X9: =IF(AND('Data Checks'!C219>'Data Checks'!C218,'Data Checks'!C218>'Data Checks'!C217,'Data Checks'!C217>'Data Checks'!C216),"BUY",IF(AND('Data Checks'!C219<'Data Checks'!C218,'Data Checks'!C218<'Data Checks'!C217,'Data Checks'!C217<'Data Checks'!C216),"SELL","")) -> SELL | Y9: =IF(AND('Data Checks'!D219>'Data Checks'!D218,'Data Checks'!D218>'Data Checks'!D217,'Data Checks'!D217>'Data Checks'!D216),"BUY",IF(AND('Data Checks'!D219<'Data Checks'!D218,'Data Checks'!D218<'Data Checks'!D217,'Data Checks'!D217<'Data Checks'!D216),"SELL","")) -> SELL | Z9: =IF(AND('Data Checks'!E219>'Data Checks'!E218,'Data Checks'!E218>'Data Checks'!E217,'Data Checks'!E217>'Data Checks'!E216),"BUY",IF(AND('Data Checks'!E219<'Data Checks'!E218,'Data Checks'!E218<'Data Checks'!E217,'Data Checks'!E217<'Data Checks'!E216),"SELL","")) | AA9: =IF(AND('Data Checks'!F219>'Data Checks'!F218,'Data Checks'!F218>'Data Checks'!F217,'Data Checks'!F217>'Data Checks'!F216),"BUY",IF(AND('Data Checks'!F219<'Data Checks'!F218,'Data Checks'!F218<'Data Checks'!F217,'Data Checks'!F217<'Data Checks'!F216),"SELL","")) | AB9: =IF(W8="BUY",AB8*('Data Checks'!B219/'Data Checks'!B218),IF(W8="SELL",AB8*('Data Checks'!B218/'Data Checks'!B219),AB8)) -> 200 | AC9: =IF(X8="BUY",AC8*('Data Checks'!C219/'Data Checks'!C218),IF(X8="SELL",AC8*('Data Checks'!C218/'Data Checks'!C219),AC8)) -> 200 | AD9: =IF(Y8="BUY",AD8*('Data Checks'!D219/'Data Checks'!D218),IF(Y8="SELL",AD8*('Data Checks'!D218/'Data Checks'!D219),AD8)) -> 200 | AE9: =IF(Z8="BUY",AE8*('Data Checks'!E219/'Data Checks'!E218),IF(Z8="SELL",AE8*('Data Checks'!E218/'Data Checks'!E219),AE8)) -> 200.63113 | AF9: =IF(AA8="BUY",AF8*('Data Checks'!F219/'Data Checks'!F218),IF(AA8="SELL",AF8*('Data Checks'!F218/'Data Checks'!F219),AF8)) -> 200 | AG9: =SUM(AB9:AF9) -> 1000.6311 | AH9: =AG9/AG8-1 -> -0.0018555236 | AJ9: =IF('Moving Ave'!G219>'Moving Ave'!L219,"SELL","BUY") -> BUY | AK9: =IF('Moving Ave'!H219>'Moving Ave'!M219,"SELL","BUY") -> BUY | AL9: =IF('Moving Ave'!I219>'Moving Ave'!N219,"SELL","BUY") -> BUY | AM9: =IF('Moving Ave'!J219>'Moving Ave'!O219,"SELL","BUY") -> BUY | AN9: =IF('Moving Ave'!K219>'Moving Ave'!P219,"SELL","BUY") -> SELL | AO9: =IF(AJ8="BUY",AO8*('Data Checks'!B219/'Data Checks'!B218),AO8*('Data Checks'!B218/'Data Checks'!B219)) -> 200.93255 | AP9: =IF(AK8="BUY",AP8*('Data Checks'!C219/'Data Checks'!C218),AP8*('Data Checks'!C218/'Data Checks'!C219)) -> 194.76759 | AQ9: =IF(AL8="BUY",AQ8*('Data Checks'!D219/'Data Checks'!D218),AQ8*('Data Checks'!D218/'Data Checks'!D219)) -> 194.99082 | AR9: =IF(AM8="BUY",AR8*('Data Checks'!E219/'Data Checks'!E218),AR8*('Data Checks'!E218/'Data Checks'!E219)) -> 202.20957 | AS9: =IF(AN8="BUY",AS8*('Data Checks'!F219/'Data Checks'!F218),AS8*('Data Checks'!F218/'Data Checks'!F219)) -> 201.58615 | AT9: =SUM(AO9:AS9) -> 994.48669 | AU9: =AT9/AT8-1 -> -0.0025086968
A10: =Prices!A218 -> 44204 | B10: =B9*('Data Checks'!B220/'Data Checks'!B219) -> 199.36354 | C10: =C9*('Data Checks'!C220/'Data Checks'!C219) -> 194.31039 | D10: =D9*('Data Checks'!D220/'Data Checks'!D219) -> 196.69395 | E10: =E9*('Data Checks'!E220/'Data Checks'!E219) -> 199.8326 | F10: =F9*('Data Checks'!F220/'Data Checks'!F219) -> 199.18933 | G10: =SUM(B10:F10) -> 989.38981 | H10: =G10/G9-1 -> -0.0019540083 | J10: =IF(AND('Data Checks'!B220>'Data Checks'!B219,'Data Checks'!B219>'Data Checks'!B218,'Data Checks'!B218>'Data Checks'!B217),"SELL",IF(AND('Data Checks'!B220<'Data Checks'!B219,'Data Checks'!B219<'Data Checks'!B218,'Data Checks'!B218<'Data Checks'!B217),"BUY","")) | K10: =IF(AND('Data Checks'!C220>'Data Checks'!C219,'Data Checks'!C219>'Data Checks'!C218,'Data Checks'!C218>'Data Checks'!C217),"SELL",IF(AND('Data Checks'!C220<'Data Checks'!C219,'Data Checks'!C219<'Data Checks'!C218,'Data Checks'!C218<'Data Checks'!C217),"BUY","")) -> BUY | L10: =IF(AND('Data Checks'!D220>'Data Checks'!D219,'Data Checks'!D219>'Data Checks'!D218,'Data Checks'!D218>'Data Checks'!D217),"SELL",IF(AND('Data Checks'!D220<'Data Checks'!D219,'Data Checks'!D219<'Data Checks'!D218,'Data Checks'!D218<'Data Checks'!D217),"BUY","")) | M10: =IF(AND('Data Checks'!E220>'Data Checks'!E219,'Data Checks'!E219>'Data Checks'!E218,'Data Checks'!E218>'Data Checks'!E217),"SELL",IF(AND('Data Checks'!E220<'Data Checks'!E219,'Data Checks'!E219<'Data Checks'!E218,'Data Checks'!E218<'Data Checks'!E217),"BUY","")) | N10: =IF(AND('Data Checks'!F220>'Data Checks'!F219,'Data Checks'!F219>'Data Checks'!F218,'Data Checks'!F218>'Data Checks'!F217),"SELL",IF(AND('Data Checks'!F220<'Data Checks'!F219,'Data Checks'!F219<'Data Checks'!F218,'Data Checks'!F218<'Data Checks'!F217),"BUY","")) | O10: =IF(J9="BUY",O9*('Data Checks'!B220/'Data Checks'!B219),IF(J9="SELL",O9*('Data Checks'!B219/'Data Checks'!B220),O9)) -> 200 | P10: =IF(K9="BUY",P9*('Data Checks'!C220/'Data Checks'!C219),IF(K9="SELL",P9*('Data Checks'!C219/'Data Checks'!C220),P9)) -> 199.53052 | Q10: =IF(L9="BUY",Q9*('Data Checks'!D220/'Data Checks'!D219),IF(L9="SELL",Q9*('Data Checks'!D219/'Data Checks'!D220),Q9)) -> 201.74688 | R10: =IF(M9="BUY",R9*('Data Checks'!E220/'Data Checks'!E219),IF(M9="SELL",R9*('Data Checks'!E219/'Data Checks'!E220),R9)) -> 199.37085 | S10: =IF(N9="BUY",S9*('Data Checks'!F220/'Data Checks'!F219),IF(N9="SELL",S9*('Data Checks'!F219/'Data Checks'!F220),S9)) -> 200 | T10: =SUM(O10:S10) -> 1000.6483 | U10: =T10/T9-1 -> 0.0012782054 | W10: =IF(AND('Data Checks'!B220>'Data Checks'!B219,'Data Checks'!B219>'Data Checks'!B218,'Data Checks'!B218>'Data Checks'!B217),"BUY",IF(AND('Data Checks'!B220<'Data Checks'!B219,'Data Checks'!B219<'Data Checks'!B218,'Data Checks'!B218<'Data Checks'!B217),"SELL","")) | X10: =IF(AND('Data Checks'!C220>'Data Checks'!C219,'Data Checks'!C219>'Data Checks'!C218,'Data Checks'!C218>'Data Checks'!C217),"BUY",IF(AND('Data Checks'!C220<'Data Checks'!C219,'Data Checks'!C219<'Data Checks'!C218,'Data Checks'!C218<'Data Checks'!C217),"SELL","")) -> SELL | Y10: =IF(AND('Data Checks'!D220>'Data Checks'!D219,'Data Checks'!D219>'Data Checks'!D218,'Data Checks'!D218>'Data Checks'!D217),"BUY",IF(AND('Data Checks'!D220<'Data Checks'!D219,'Data Checks'!D219<'Data Checks'!D218,'Data Checks'!D218<'Data Checks'!D217),"SELL","")) | Z10: =IF(AND('Data Checks'!E220>'Data Checks'!E219,'Data Checks'!E219>'Data Checks'!E218,'Data Checks'!E218>'Data Checks'!E217),"BUY",IF(AND('Data Checks'!E220<'Data Checks'!E219,'Data Checks'!E219<'Data Checks'!E218,'Data Checks'!E218<'Data Checks'!E217),"SELL","")) | AA10: =IF(AND('Data Checks'!F220>'Data Checks'!F219,'Data Checks'!F219>'Data Checks'!F218,'Data Checks'!F218>'Data Checks'!F217),"BUY",IF(AND('Data Checks'!F220<'Data Checks'!F219,'Data Checks'!F219<'Data Checks'!F218,'Data Checks'!F218<'Data Checks'!F217),"SELL","")) | AB10: =IF(W9="BUY",AB9*('Data Checks'!B220/'Data Checks'!B219),IF(W9="SELL",AB9*('Data Checks'!B219/'Data Checks'!B220),AB9)) -> 200 | AC10: =IF(X9="BUY",AC9*('Data Checks'!C220/'Data Checks'!C219),IF(X9="SELL",AC9*('Data Checks'!C219/'Data Checks'!C220),AC9)) -> 200.47059 | AD10: =IF(Y9="BUY",AD9*('Data Checks'!D220/'Data Checks'!D219),IF(Y9="SELL",AD9*('Data Checks'!D219/'Data Checks'!D220),AD9)) -> 198.26824 | AE10: =IF(Z9="BUY",AE9*('Data Checks'!E220/'Data Checks'!E219),IF(Z9="SELL",AE9*('Data Checks'!E219/'Data Checks'!E220),AE9)) -> 200.63113 | AF10: =IF(AA9="BUY",AF9*('Data Checks'!F220/'Data Checks'!F219),IF(AA9="SELL",AF9*('Data Checks'!F219/'Data Checks'!F220),AF9)) -> 200 | AG10: =SUM(AB10:AF10) -> 999.36996 | AH10: =AG10/AG9-1 -> -0.0012603752 | AJ10: =IF('Moving Ave'!G220>'Moving Ave'!L220,"SELL","BUY") -> BUY | AK10: =IF('Moving Ave'!H220>'Moving Ave'!M220,"SELL","BUY") -> BUY | AL10: =IF('Moving Ave'!I220>'Moving Ave'!N220,"SELL","BUY") -> BUY | AM10: =IF('Moving Ave'!J220>'Moving Ave'!O220,"SELL","BUY") -> BUY | AN10: =IF('Moving Ave'!K220>'Moving Ave'!P220,"SELL","BUY") -> SELL | AO10: =IF(AJ9="BUY",AO9*('Data Checks'!B220/'Data Checks'!B219),AO9*('Data Checks'!B219/'Data Checks'!B220)) -> 199.36354 | AP10: =IF(AK9="BUY",AP9*('Data Checks'!C220/'Data Checks'!C219),AP9*('Data Checks'!C219/'Data Checks'!C220)) -> 194.31039 | AQ10: =IF(AL9="BUY",AQ9*('Data Checks'!D220/'Data Checks'!D219),AQ9*('Data Checks'!D219/'Data Checks'!D220)) -> 196.69395 | AR10: =IF(AM9="BUY",AR9*('Data Checks'!E220/'Data Checks'!E219),AR9*('Data Checks'!E219/'Data Checks'!E220)) -> 199.8326 | AS10: =IF(AN9="BUY",AS9*('Data Checks'!F220/'Data Checks'!F219),AS9*('Data Checks'!F219/'Data Checks'!F220)) -> 200.81397 | AT10: =SUM(AO10:AS10) -> 991.01445 | AU10: =AT10/AT9-1 -> -0.0034914869
A11: =Prices!A219 -> 44205 | B11: =B10*('Data Checks'!B221/'Data Checks'!B220) -> 200.32034 | C11: =C10*('Data Checks'!C221/'Data Checks'!C220) -> 195.5804 | D11: =D10*('Data Checks'!D221/'Data Checks'!D220) -> 194.65688 | E11: =E10*('Data Checks'!E221/'Data Checks'!E220) -> 199.79912 | F11: =F10*('Data Checks'!F221/'Data Checks'!F220) -> 196.85264 | G11: =SUM(B11:F11) -> 987.20938 | H11: =G11/G10-1 -> -0.0022038098 | J11: =IF(AND('Data Checks'!B221>'Data Checks'!B220,'Data Checks'!B220>'Data Checks'!B219,'Data Checks'!B219>'Data Checks'!B218),"SELL",IF(AND('Data Checks'!B221<'Data Checks'!B220,'Data Checks'!B220<'Data Checks'!B219,'Data Checks'!B219<'Data Checks'!B218),"BUY","")) | K11: =IF(AND('Data Checks'!C221>'Data Checks'!C220,'Data Checks'!C220>'Data Checks'!C219,'Data Checks'!C219>'Data Checks'!C218),"SELL",IF(AND('Data Checks'!C221<'Data Checks'!C220,'Data Checks'!C220<'Data Checks'!C219,'Data Checks'!C219<'Data Checks'!C218),"BUY","")) | L11: =IF(AND('Data Checks'!D221>'Data Checks'!D220,'Data Checks'!D220>'Data Checks'!D219,'Data Checks'!D219>'Data Checks'!D218),"SELL",IF(AND('Data Checks'!D221<'Data Checks'!D220,'Data Checks'!D220<'Data Checks'!D219,'Data Checks'!D219<'Data Checks'!D218),"BUY","")) | M11: =IF(AND('Data Checks'!E221>'Data Checks'!E220,'Data Checks'!E220>'Data Checks'!E219,'Data Checks'!E219>'Data Checks'!E218),"SELL",IF(AND('Data Checks'!E221<'Data Checks'!E220,'Data Checks'!E220<'Data Checks'!E219,'Data Checks'!E219<'Data Checks'!E218),"BUY","")) -> BUY | N11: =IF(AND('Data Checks'!F221>'Data Checks'!F220,'Data Checks'!F220>'Data Checks'!F219,'Data Checks'!F219>'Data Checks'!F218),"SELL",IF(AND('Data Checks'!F221<'Data Checks'!F220,'Data Checks'!F220<'Data Checks'!F219,'Data Checks'!F219<'Data Checks'!F218),"BUY","")) | O11: =IF(J10="BUY",O10*('Data Checks'!B221/'Data Checks'!B220),IF(J10="SELL",O10*('Data Checks'!B220/'Data Checks'!B221),O10)) -> 200 | P11: =IF(K10="BUY",P10*('Data Checks'!C221/'Data Checks'!C220),IF(K10="SELL",P10*('Data Checks'!C220/'Data Checks'!C221),P10)) -> 200.83464 | Q11: =IF(L10="BUY",Q10*('Data Checks'!D221/'Data Checks'!D220),IF(L10="SELL",Q10*('Data Checks'!D220/'Data Checks'!D221),Q10)) -> 201.74688 | R11: =IF(M10="BUY",R10*('Data Checks'!E221/'Data Checks'!E220),IF(M10="SELL",R10*('Data Checks'!E220/'Data Checks'!E221),R10)) -> 199.37085 | S11: =IF(N10="BUY",S10*('Data Checks'!F221/'Data Checks'!F220),IF(N10="SELL",S10*('Data Checks'!F220/'Data Checks'!F221),S10)) -> 200 | T11: =SUM(O11:S11) -> 1001.9524 | U11: =T11/T10-1 -> 0.0013032762 | W11: =IF(AND('Data Checks'!B221>'Data Checks'!B220,'Data Checks'!B220>'Data Checks'!B219,'Data Checks'!B219>'Data Checks'!B218),"BUY",IF(AND('Data Checks'!B221<'Data Checks'!B220,'Data Checks'!B220<'Data Checks'!B219,'Data Checks'!B219<'Data Checks'!B218),"SELL","")) | X11: =IF(AND('Data Checks'!C221>'Data Checks'!C220,'Data Checks'!C220>'Data Checks'!C219,'Data Checks'!C219>'Data Checks'!C218),"BUY",IF(AND('Data Checks'!C221<'Data Checks'!C220,'Data Checks'!C220<'Data Checks'!C219,'Data Checks'!C219<'Data Checks'!C218),"SELL","")) | Y11: =IF(AND('Data Checks'!D221>'Data Checks'!D220,'Data Checks'!D220>'Data Checks'!D219,'Data Checks'!D219>'Data Checks'!D218),"BUY",IF(AND('Data Checks'!D221<'Data Checks'!D220,'Data Checks'!D220<'Data Checks'!D219,'Data Checks'!D219<'Data Checks'!D218),"SELL","")) | Z11: =IF(AND('Data Checks'!E221>'Data Checks'!E220,'Data Checks'!E220>'Data Checks'!E219,'Data Checks'!E219>'Data Checks'!E218),"BUY",IF(AND('Data Checks'!E221<'Data Checks'!E220,'Data Checks'!E220<'Data Checks'!E219,'Data Checks'!E219<'Data Checks'!E218),"SELL","")) -> SELL | AA11: =IF(AND('Data Checks'!F221>'Data Checks'!F220,'Data Checks'!F220>'Data Checks'!F219,'Data Checks'!F219>'Data Checks'!F218),"BUY",IF(AND('Data Checks'!F221<'Data Checks'!F220,'Data Checks'!F220<'Data Checks'!F219,'Data Checks'!F219<'Data Checks'!F218),"SELL","")) | AB11: =IF(W10="BUY",AB10*('Data Checks'!B221/'Data Checks'!B220),IF(W10="SELL",AB10*('Data Checks'!B220/'Data Checks'!B221),AB10)) -> 200 | AC11: =IF(X10="BUY",AC10*('Data Checks'!C221/'Data Checks'!C220),IF(X10="SELL",AC10*('Data Checks'!C220/'Data Checks'!C221),AC10)) -> 199.16883 | AD11: =IF(Y10="BUY",AD10*('Data Checks'!D221/'Data Checks'!D220),IF(Y10="SELL",AD10*('Data Checks'!D220/'Data Checks'!D221),AD10)) -> 198.26824 | AE11: =IF(Z10="BUY",AE10*('Data Checks'!E221/'Data Checks'!E220),IF(Z10="SELL",AE10*('Data Checks'!E220/'Data Checks'!E221),AE10)) -> 200.63113 | AF11: =IF(AA10="BUY",AF10*('Data Checks'!F221/'Data Checks'!F220),IF(AA10="SELL",AF10*('Data Checks'!F220/'Data Checks'!F221),AF10)) -> 200 | AG11: =SUM(AB11:AF11) -> 998.06821 | AH11: =AG11/AG10-1 -> -0.0013025777 | AJ11: =IF('Moving Ave'!G221>'Moving Ave'!L221,"SELL","BUY") -> BUY | AK11: =IF('Moving Ave'!H221>'Moving Ave'!M221,"SELL","BUY") -> BUY | AL11: =IF('Moving Ave'!I221>'Moving Ave'!N221,"SELL","BUY") -> BUY | AM11: =IF('Moving Ave'!J221>'Moving Ave'!O221,"SELL","BUY") -> BUY | AN11: =IF('Moving Ave'!K221>'Moving Ave'!P221,"SELL","BUY") -> SELL | AO11: =IF(AJ10="BUY",AO10*('Data Checks'!B221/'Data Checks'!B220),AO10*('Data Checks'!B220/'Data Checks'!B221)) -> 200.32034 | AP11: =IF(AK10="BUY",AP10*('Data Checks'!C221/'Data Checks'!C220),AP10*('Data Checks'!C220/'Data Checks'!C221)) -> 195.5804 | AQ11: =IF(AL10="BUY",AQ10*('Data Checks'!D221/'Data Checks'!D220),AQ10*('Data Checks'!D220/'Data Checks'!D221)) -> 194.65688 | AR11: =IF(AM10="BUY",AR10*('Data Checks'!E221/'Data Checks'!E220),AR10*('Data Checks'!E220/'Data Checks'!E221)) -> 199.79912 | AS11: =IF(AN10="BUY",AS10*('Data Checks'!F221/'Data Checks'!F220),AS10*('Data Checks'!F220/'Data Checks'!F221)) -> 203.19768 | AT11: =SUM(AO11:AS11) -> 993.55441 | AU11: =AT11/AT10-1 -> 0.0025629906
A12: =Prices!A220 -> 44206 | B12: =B11*('Data Checks'!B222/'Data Checks'!B221) -> 198.43521 | C12: =C11*('Data Checks'!C222/'Data Checks'!C221) -> 193.75159 | D12: =D11*('Data Checks'!D222/'Data Checks'!D221) -> 195.19119 | E12: =E11*('Data Checks'!E222/'Data Checks'!E221) -> 197.55606 | F12: =F11*('Data Checks'!F222/'Data Checks'!F221) -> 196.28041 | G12: =SUM(B12:F12) -> 981.21445 | H12: =G12/G11-1 -> -0.0060725994 | J12: =IF(AND('Data Checks'!B222>'Data Checks'!B221,'Data Checks'!B221>'Data Checks'!B220,'Data Checks'!B220>'Data Checks'!B219),"SELL",IF(AND('Data Checks'!B222<'Data Checks'!B221,'Data Checks'!B221<'Data Checks'!B220,'Data Checks'!B220<'Data Checks'!B219),"BUY","")) | K12: =IF(AND('Data Checks'!C222>'Data Checks'!C221,'Data Checks'!C221>'Data Checks'!C220,'Data Checks'!C220>'Data Checks'!C219),"SELL",IF(AND('Data Checks'!C222<'Data Checks'!C221,'Data Checks'!C221<'Data Checks'!C220,'Data Checks'!C220<'Data Checks'!C219),"BUY","")) | L12: =IF(AND('Data Checks'!D222>'Data Checks'!D221,'Data Checks'!D221>'Data Checks'!D220,'Data Checks'!D220>'Data Checks'!D219),"SELL",IF(AND('Data Checks'!D222<'Data Checks'!D221,'Data Checks'!D221<'Data Checks'!D220,'Data Checks'!D220<'Data Checks'!D219),"BUY","")) | M12: =IF(AND('Data Checks'!E222>'Data Checks'!E221,'Data Checks'!E221>'Data Checks'!E220,'Data Checks'!E220>'Data Checks'!E219),"SELL",IF(AND('Data Checks'!E222<'Data Checks'!E221,'Data Checks'!E221<'Data Checks'!E220,'Data Checks'!E220<'Data Checks'!E219),"BUY","")) -> BUY | N12: =IF(AND('Data Checks'!F222>'Data Checks'!F221,'Data Checks'!F221>'Data Checks'!F220,'Data Checks'!F220>'Data Checks'!F219),"SELL",IF(AND('Data Checks'!F222<'Data Checks'!F221,'Data Checks'!F221<'Data Checks'!F220,'Data Checks'!F220<'Data Checks'!F219),"BUY","")) | O12: =IF(J11="BUY",O11*('Data Checks'!B222/'Data Checks'!B221),IF(J11="SELL",O11*('Data Checks'!B221/'Data Checks'!B222),O11)) -> 200 | P12: =IF(K11="BUY",P11*('Data Checks'!C222/'Data Checks'!C221),IF(K11="SELL",P11*('Data Checks'!C221/'Data Checks'!C222),P11)) -> 200.83464 | Q12: =IF(L11="BUY",Q11*('Data Checks'!D222/'Data Checks'!D221),IF(L11="SELL",Q11*('Data Checks'!D221/'Data Checks'!D222),Q11)) -> 201.74688 | R12: =IF(M11="BUY",R11*('Data Checks'!E222/'Data Checks'!E221),IF(M11="SELL",R11*('Data Checks'!E221/'Data Checks'!E222),R11)) -> 197.1326 | S12: =IF(N11="BUY",S11*('Data Checks'!F222/'Data Checks'!F221),IF(N11="SELL",S11*('Data Checks'!F221/'Data Checks'!F222),S11)) -> 200 | T12: =SUM(O12:S12) -> 999.71412 | U12: =T12/T11-1 -> -0.0022338904 | W12: =IF(AND('Data Checks'!B222>'Data Checks'!B221,'Data Checks'!B221>'Data Checks'!B220,'Data Checks'!B220>'Data Checks'!B219),"BUY",IF(AND('Data Checks'!B222<'Data Checks'!B221,'Data Checks'!B221<'Data Checks'!B220,'Data Checks'!B220<'Data Checks'!B219),"SELL","")) | X12: =IF(AND('Data Checks'!C222>'Data Checks'!C221,'Data Checks'!C221>'Data Checks'!C220,'Data Checks'!C220>'Data Checks'!C219),"BUY",IF(AND('Data Checks'!C222<'Data Checks'!C221,'Data Checks'!C221<'Data Checks'!C220,'Data Checks'!C220<'Data Checks'!C219),"SELL","")) | Y12: =IF(AND('Data Checks'!D222>'Data Checks'!D221,'Data Checks'!D221>'Data Checks'!D220,'Data Checks'!D220>'Data Checks'!D219),"BUY",IF(AND('Data Checks'!D222<'Data Checks'!D221,'Data Checks'!D221<'Data Checks'!D220,'Data Checks'!D220<'Data Checks'!D219),"SELL","")) | Z12: =IF(AND('Data Checks'!E222>'Data Checks'!E221,'Data Checks'!E221>'Data Checks'!E220,'Data Checks'!E220>'Data Checks'!E219),"BUY",IF(AND('Data Checks'!E222<'Data Checks'!E221,'Data Checks'!E221<'Data Checks'!E220,'Data Checks'!E220<'Data Checks'!E219),"SELL","")) -> SELL | AA12: =IF(AND('Data Checks'!F222>'Data Checks'!F221,'Data Checks'!F221>'Data Checks'!F220,'Data Checks'!F220>'Data Checks'!F219),"BUY",IF(AND('Data Checks'!F222<'Data Checks'!F221,'Data Checks'!F221<'Data Checks'!F220,'Data Checks'!F220<'Data Checks'!F219),"SELL","")) | AB12: =IF(W11="BUY",AB11*('Data Checks'!B222/'Data Checks'!B221),IF(W11="SELL",AB11*('Data Checks'!B221/'Data Checks'!B222),AB11)) -> 200 | AC12: =IF(X11="BUY",AC11*('Data Checks'!C222/'Data Checks'!C221),IF(X11="SELL",AC11*('Data Checks'!C221/'Data Checks'!C222),AC11)) -> 199.16883 | AD12: =IF(Y11="BUY",AD11*('Data Checks'!D222/'Data Checks'!D221),IF(Y11="SELL",AD11*('Data Checks'!D221/'Data Checks'!D222),AD11)) -> 198.26824 | AE12: =IF(Z11="BUY",AE11*('Data Checks'!E222/'Data Checks'!E221),IF(Z11="SELL",AE11*('Data Checks'!E221/'Data Checks'!E222),AE11)) -> 202.90911 | AF12: =IF(AA11="BUY",AF11*('Data Checks'!F222/'Data Checks'!F221),IF(AA11="SELL",AF11*('Data Checks'!F221/'Data Checks'!F222),AF11)) -> 200 | AG12: =SUM(AB12:AF12) -> 1000.3462 | AH12: =AG12/AG11-1 -> 0.0022823834 | AJ12: =IF('Moving Ave'!G222>'Moving Ave'!L222,"SELL","BUY") -> BUY | AK12: =IF('Moving Ave'!H222>'Moving Ave'!M222,"SELL","BUY") -> BUY | AL12: =IF('Moving Ave'!I222>'Moving Ave'!N222,"SELL","BUY") -> BUY | AM12: =IF('Moving Ave'!J222>'Moving Ave'!O222,"SELL","BUY") -> BUY | AN12: =IF('Moving Ave'!K222>'Moving Ave'!P222,"SELL","BUY") -> SELL | AO12: =IF(AJ11="BUY",AO11*('Data Checks'!B222/'Data Checks'!B221),AO11*('Data Checks'!B221/'Data Checks'!B222)) -> 198.43521 | AP12: =IF(AK11="BUY",AP11*('Data Checks'!C222/'Data Checks'!C221),AP11*('Data Checks'!C221/'Data Checks'!C222)) -> 193.75159 | AQ12: =IF(AL11="BUY",AQ11*('Data Checks'!D222/'Data Checks'!D221),AQ11*('Data Checks'!D221/'Data Checks'!D222)) -> 195.19119 | AR12: =IF(AM11="BUY",AR11*('Data Checks'!E222/'Data Checks'!E221),AR11*('Data Checks'!E221/'Data Checks'!E222)) -> 197.55606 | AS12: =IF(AN11="BUY",AS11*('Data Checks'!F222/'Data Checks'!F221),AS11*('Data Checks'!F221/'Data Checks'!F222)) -> 203.79008 | AT12: =SUM(AO12:AS12) -> 988.72413 | AU12: =AT12/AT11-1 -> -0.0048616215
A13: =Prices!A221 -> 44209 | B13: =B12*('Data Checks'!B223/'Data Checks'!B222) -> 199.29295 | C13: =C12*('Data Checks'!C223/'Data Checks'!C222) -> 195.682 | D13: =D12*('Data Checks'!D223/'Data Checks'!D222) -> 197.46202 | E13: =E12*('Data Checks'!E223/'Data Checks'!E222) -> 197.38867 | F13: =F12*('Data Checks'!F223/'Data Checks'!F222) -> 195.99428 | G13: =SUM(B13:F13) -> 985.81992 | H13: =G13/G12-1 -> 0.0046936389 | J13: =IF(AND('Data Checks'!B223>'Data Checks'!B222,'Data Checks'!B222>'Data Checks'!B221,'Data Checks'!B221>'Data Checks'!B220),"SELL",IF(AND('Data Checks'!B223<'Data Checks'!B222,'Data Checks'!B222<'Data Checks'!B221,'Data Checks'!B221<'Data Checks'!B220),"BUY","")) | K13: =IF(AND('Data Checks'!C223>'Data Checks'!C222,'Data Checks'!C222>'Data Checks'!C221,'Data Checks'!C221>'Data Checks'!C220),"SELL",IF(AND('Data Checks'!C223<'Data Checks'!C222,'Data Checks'!C222<'Data Checks'!C221,'Data Checks'!C221<'Data Checks'!C220),"BUY","")) | L13: =IF(AND('Data Checks'!D223>'Data Checks'!D222,'Data Checks'!D222>'Data Checks'!D221,'Data Checks'!D221>'Data Checks'!D220),"SELL",IF(AND('Data Checks'!D223<'Data Checks'!D222,'Data Checks'!D222<'Data Checks'!D221,'Data Checks'!D221<'Data Checks'!D220),"BUY","")) | M13: =IF(AND('Data Checks'!E223>'Data Checks'!E222,'Data Checks'!E222>'Data Checks'!E221,'Data Checks'!E221>'Data Checks'!E220),"SELL",IF(AND('Data Checks'!E223<'Data Checks'!E222,'Data Checks'!E222<'Data Checks'!E221,'Data Checks'!E221<'Data Checks'!E220),"BUY","")) -> BUY | N13: =IF(AND('Data Checks'!F223>'Data Checks'!F222,'Data Checks'!F222>'Data Checks'!F221,'Data Checks'!F221>'Data Checks'!F220),"SELL",IF(AND('Data Checks'!F223<'Data Checks'!F222,'Data Checks'!F222<'Data Checks'!F221,'Data Checks'!F221<'Data Checks'!F220),"BUY","")) -> BUY | O13: =IF(J12="BUY",O12*('Data Checks'!B223/'Data Checks'!B222),IF(J12="SELL",O12*('Data Checks'!B222/'Data Checks'!B223),O12)) -> 200 | P13: =IF(K12="BUY",P12*('Data Checks'!C223/'Data Checks'!C222),IF(K12="SELL",P12*('Data Checks'!C222/'Data Checks'!C223),P12)) -> 200.83464 | Q13: =IF(L12="BUY",Q12*('Data Checks'!D223/'Data Checks'!D222),IF(L12="SELL",Q12*('Data Checks'!D222/'Data Checks'!D223),Q12)) -> 201.74688 | R13: =IF(M12="BUY",R12*('Data Checks'!E223/'Data Checks'!E222),IF(M12="SELL",R12*('Data Checks'!E222/'Data Checks'!E223),R12)) -> 196.96557 | S13: =IF(N12="BUY",S12*('Data Checks'!F223/'Data Checks'!F222),IF(N12="SELL",S12*('Data Checks'!F222/'Data Checks'!F223),S12)) -> 200 | T13: =SUM(O13:S13) -> 999.54709 | U13: =T13/T12-1 -> -0.00016707764 | W13: =IF(AND('Data Checks'!B223>'Data Checks'!B222,'Data Checks'!B222>'Data Checks'!B221,'Data Checks'!B221>'Data Checks'!B220),"BUY",IF(AND('Data Checks'!B223<'Data Checks'!B222,'Data Checks'!B222<'Data Checks'!B221,'Data Checks'!B221<'Data Checks'!B220),"SELL","")) | X13: =IF(AND('Data Checks'!C223>'Data Checks'!C222,'Data Checks'!C222>'Data Checks'!C221,'Data Checks'!C221>'Data Checks'!C220),"BUY",IF(AND('Data Checks'!C223<'Data Checks'!C222,'Data Checks'!C222<'Data Checks'!C221,'Data Checks'!C221<'Data Checks'!C220),"SELL","")) | Y13: =IF(AND('Data Checks'!D223>'Data Checks'!D222,'Data Checks'!D222>'Data Checks'!D221,'Data Checks'!D221>'Data Checks'!D220),"BUY",IF(AND('Data Checks'!D223<'Data Checks'!D222,'Data Checks'!D222<'Data Checks'!D221,'Data Checks'!D221<'Data Checks'!D220),"SELL","")) | Z13: =IF(AND('Data Checks'!E223>'Data Checks'!E222,'Data Checks'!E222>'Data Checks'!E221,'Data Checks'!E221>'Data Checks'!E220),"BUY",IF(AND('Data Checks'!E223<'Data Checks'!E222,'Data Checks'!E222<'Data Checks'!E221,'Data Checks'!E221<'Data Checks'!E220),"SELL","")) -> SELL | AA13: =IF(AND('Data Checks'!F223>'Data Checks'!F222,'Data Checks'!F222>'Data Checks'!F221,'Data Checks'!F221>'Data Checks'!F220),"BUY",IF(AND('Data Checks'!F223<'Data Checks'!F222,'Data Checks'!F222<'Data Checks'!F221,'Data Checks'!F221<'Data Checks'!F220),"SELL","")) -> SELL | AB13: =IF(W12="BUY",AB12*('Data Checks'!B223/'Data Checks'!B222),IF(W12="SELL",AB12*('Data Checks'!B222/'Data Checks'!B223),AB12)) -> 200 | AC13: =IF(X12="BUY",AC12*('Data Checks'!C223/'Data Checks'!C222),IF(X12="SELL",AC12*('Data Checks'!C222/'Data Checks'!C223),AC12)) -> 199.16883 | AD13: =IF(Y12="BUY",AD12*('Data Checks'!D223/'Data Checks'!D222),IF(Y12="SELL",AD12*('Data Checks'!D222/'Data Checks'!D223),AD12)) -> 198.26824 | AE13: =IF(Z12="BUY",AE12*('Data Checks'!E223/'Data Checks'!E222),IF(Z12="SELL",AE12*('Data Checks'!E222/'Data Checks'!E223),AE12)) -> 203.08118 | AF13: =IF(AA12="BUY",AF12*('Data Checks'!F223/'Data Checks'!F222),IF(AA12="SELL",AF12*('Data Checks'!F222/'Data Checks'!F223),AF12)) -> 200 | AG13: =SUM(AB13:AF13) -> 1000.5183 | AH13: =AG13/AG12-1 -> 0.00017201055 | AJ13: =IF('Moving Ave'!G223>'Moving Ave'!L223,"SELL","BUY") -> BUY | AK13: =IF('Moving Ave'!H223>'Moving Ave'!M223,"SELL","BUY") -> BUY | AL13: =IF('Moving Ave'!I223>'Moving Ave'!N223,"SELL","BUY") -> BUY | AM13: =IF('Moving Ave'!J223>'Moving Ave'!O223,"SELL","BUY") -> BUY | AN13: =IF('Moving Ave'!K223>'Moving Ave'!P223,"SELL","BUY") -> SELL | AO13: =IF(AJ12="BUY",AO12*('Data Checks'!B223/'Data Checks'!B222),AO12*('Data Checks'!B222/'Data Checks'!B223)) -> 199.29295 | AP13: =IF(AK12="BUY",AP12*('Data Checks'!C223/'Data Checks'!C222),AP12*('Data Checks'!C222/'Data Checks'!C223)) -> 195.682 | AQ13: =IF(AL12="BUY",AQ12*('Data Checks'!D223/'Data Checks'!D222),AQ12*('Data Checks'!D222/'Data Checks'!D223)) -> 197.46202 | AR13: =IF(AM12="BUY",AR12*('Data Checks'!E223/'Data Checks'!E222),AR12*('Data Checks'!E222/'Data Checks'!E223)) -> 197.38867 | AS13: =IF(AN12="BUY",AS12*('Data Checks'!F223/'Data Checks'!F222),AS12*('Data Checks'!F222/'Data Checks'!F223)) -> 204.08759 | AT13: =SUM(AO13:AS13) -> 993.91323 | AU13: =AT13/AT12-1 -> 0.0052482779
A14: =Prices!A222 -> 44210 | B14: =B13*('Data Checks'!B224/'Data Checks'!B223) -> 196.98947 | C14: =C13*('Data Checks'!C224/'Data Checks'!C223) -> 194.9708 | D14: =D13*('Data Checks'!D224/'Data Checks'!D223) -> 197.79596 | E14: =E13*('Data Checks'!E224/'Data Checks'!E223) -> 197.25476 | F14: =F13*('Data Checks'!F224/'Data Checks'!F223) -> 194.8021 | G14: =SUM(B14:F14) -> 981.81309 | H14: =G14/G13-1 -> -0.0040644614 | J14: =IF(AND('Data Checks'!B224>'Data Checks'!B223,'Data Checks'!B223>'Data Checks'!B222,'Data Checks'!B222>'Data Checks'!B221),"SELL",IF(AND('Data Checks'!B224<'Data Checks'!B223,'Data Checks'!B223<'Data Checks'!B222,'Data Checks'!B222<'Data Checks'!B221),"BUY","")) | K14: =IF(AND('Data Checks'!C224>'Data Checks'!C223,'Data Checks'!C223>'Data Checks'!C222,'Data Checks'!C222>'Data Checks'!C221),"SELL",IF(AND('Data Checks'!C224<'Data Checks'!C223,'Data Checks'!C223<'Data Checks'!C222,'Data Checks'!C222<'Data Checks'!C221),"BUY","")) | L14: =IF(AND('Data Checks'!D224>'Data Checks'!D223,'Data Checks'!D223>'Data Checks'!D222,'Data Checks'!D222>'Data Checks'!D221),"SELL",IF(AND('Data Checks'!D224<'Data Checks'!D223,'Data Checks'!D223<'Data Checks'!D222,'Data Checks'!D222<'Data Checks'!D221),"BUY","")) -> SELL | M14: =IF(AND('Data Checks'!E224>'Data Checks'!E223,'Data Checks'!E223>'Data Checks'!E222,'Data Checks'!E222>'Data Checks'!E221),"SELL",IF(AND('Data Checks'!E224<'Data Checks'!E223,'Data Checks'!E223<'Data Checks'!E222,'Data Checks'!E222<'Data Checks'!E221),"BUY","")) -> BUY | N14: =IF(AND('Data Checks'!F224>'Data Checks'!F223,'Data Checks'!F223>'Data Checks'!F222,'Data Checks'!F222>'Data Checks'!F221),"SELL",IF(AND('Data Checks'!F224<'Data Checks'!F223,'Data Checks'!F223<'Data Checks'!F222,'Data Checks'!F222<'Data Checks'!F221),"BUY","")) -> BUY | O14: =IF(J13="BUY",O13*('Data Checks'!B224/'Data Checks'!B223),IF(J13="SELL",O13*('Data Checks'!B223/'Data Checks'!B224),O13)) -> 200 | P14: =IF(K13="BUY",P13*('Data Checks'!C224/'Data Checks'!C223),IF(K13="SELL",P13*('Data Checks'!C223/'Data Checks'!C224),P13)) -> 200.83464 | Q14: =IF(L13="BUY",Q13*('Data Checks'!D224/'Data Checks'!D223),IF(L13="SELL",Q13*('Data Checks'!D223/'Data Checks'!D224),Q13)) -> 201.74688 | R14: =IF(M13="BUY",R13*('Data Checks'!E224/'Data Checks'!E223),IF(M13="SELL",R13*('Data Checks'!E223/'Data Checks'!E224),R13)) -> 196.83194 | S14: =IF(N13="BUY",S13*('Data Checks'!F224/'Data Checks'!F223),IF(N13="SELL",S13*('Data Checks'!F223/'Data Checks'!F224),S13)) -> 198.78345 | T14: =SUM(O14:S14) -> 998.19692 | U14: =T14/T13-1 -> -0.0013507867 | W14: =IF(AND('Data Checks'!B224>'Data Checks'!B223,'Data Checks'!B223>'Data Checks'!B222,'Data Checks'!B222>'Data Checks'!B221),"BUY",IF(AND('Data Checks'!B224<'Data Checks'!B223,'Data Checks'!B223<'Data Checks'!B222,'Data Checks'!B222<'Data Checks'!B221),"SELL","")) | X14: =IF(AND('Data Checks'!C224>'Data Checks'!C223,'Data Checks'!C223>'Data Checks'!C222,'Data Checks'!C222>'Data Checks'!C221),"BUY",IF(AND('Data Checks'!C224<'Data Checks'!C223,'Data Checks'!C223<'Data Checks'!C222,'Data Checks'!C222<'Data Checks'!C221),"SELL","")) | Y14: =IF(AND('Data Checks'!D224>'Data Checks'!D223,'Data Checks'!D223>'Data Checks'!D222,'Data Checks'!D222>'Data Checks'!D221),"BUY",IF(AND('Data Checks'!D224<'Data Checks'!D223,'Data Checks'!D223<'Data Checks'!D222,'Data Checks'!D222<'Data Checks'!D221),"SELL","")) -> BUY | Z14: =IF(AND('Data Checks'!E224>'Data Checks'!E223,'Data Checks'!E223>'Data Checks'!E222,'Data Checks'!E222>'Data Checks'!E221),"BUY",IF(AND('Data Checks'!E224<'Data Checks'!E223,'Data Checks'!E223<'Data Checks'!E222,'Data Checks'!E222<'Data Checks'!E221),"SELL","")) -> SELL | AA14: =IF(AND('Data Checks'!F224>'Data Checks'!F223,'Data Checks'!F223>'Data Checks'!F222,'Data Checks'!F222>'Data Checks'!F221),"BUY",IF(AND('Data Checks'!F224<'Data Checks'!F223,'Data Checks'!F223<'Data Checks'!F222,'Data Checks'!F222<'Data Checks'!F221),"SELL","")) -> SELL | AB14: =IF(W13="BUY",AB13*('Data Checks'!B224/'Data Checks'!B223),IF(W13="SELL",AB13*('Data Checks'!B223/'Data Checks'!B224),AB13)) -> 200 | AC14: =IF(X13="BUY",AC13*('Data Checks'!C224/'Data Checks'!C223),IF(X13="SELL",AC13*('Data Checks'!C223/'Data Checks'!C224),AC13)) -> 199.16883 | AD14: =IF(Y13="BUY",AD13*('Data Checks'!D224/'Data Checks'!D223),IF(Y13="SELL",AD13*('Data Checks'!D223/'Data Checks'!D224),AD13)) -> 198.26824 | AE14: =IF(Z13="BUY",AE13*('Data Checks'!E224/'Data Checks'!E223),IF(Z13="SELL",AE13*('Data Checks'!E223/'Data Checks'!E224),AE13)) -> 203.21905 | AF14: =IF(AA13="BUY",AF13*('Data Checks'!F224/'Data Checks'!F223),IF(AA13="SELL",AF13*('Data Checks'!F223/'Data Checks'!F224),AF13)) -> 201.22399 | AG14: =SUM(AB14:AF14) -> 1001.8801 | AH14: =AG14/AG13-1 -> 0.0013611573 | AJ14: =IF('Moving Ave'!G224>'Moving Ave'!L224,"SELL","BUY") -> BUY | AK14: =IF('Moving Ave'!H224>'Moving Ave'!M224,"SELL","BUY") -> BUY | AL14: =IF('Moving Ave'!I224>'Moving Ave'!N224,"SELL","BUY") -> SELL | AM14: =IF('Moving Ave'!J224>'Moving Ave'!O224,"SELL","BUY") -> BUY | AN14: =IF('Moving Ave'!K224>'Moving Ave'!P224,"SELL","BUY") -> SELL | AO14: =IF(AJ13="BUY",AO13*('Data Checks'!B224/'Data Checks'!B223),AO13*('Data Checks'!B223/'Data Checks'!B224)) -> 196.98947 | AP14: =IF(AK13="BUY",AP13*('Data Checks'!C224/'Data Checks'!C223),AP13*('Data Checks'!C223/'Data Checks'!C224)) -> 194.9708 | AQ14: =IF(AL13="BUY",AQ13*('Data Checks'!D224/'Data Checks'!D223),AQ13*('Data Checks'!D223/'Data Checks'!D224)) -> 197.79596 | AR14: =IF(AM13="BUY",AR13*('Data Checks'!E224/'Data Checks'!E223),AR13*('Data Checks'!E223/'Data Checks'!E224)) -> 197.25476 | AS14: =IF(AN13="BUY",AS13*('Data Checks'!F224/'Data Checks'!F223),AS13*('Data Checks'!F223/'Data Checks'!F224)) -> 205.33659 | AT14: =SUM(AO14:AS14) -> 992.34759 | AU14: =AT14/AT13-1 -> -0.0015752297
A15: =Prices!A223 -> 44211 | B15: =B14*('Data Checks'!B225/'Data Checks'!B224) -> 196.20761 | C15: =C14*('Data Checks'!C225/'Data Checks'!C224) -> 194.81838 | D15: =D14*('Data Checks'!D225/'Data Checks'!D224) -> 196.9945 | E15: =E14*('Data Checks'!E225/'Data Checks'!E224) -> 196.91998 | F15: =F14*('Data Checks'!F225/'Data Checks'!F224) -> 194.0391 | G15: =SUM(B15:F15) -> 978.97958 | H15: =G15/G14-1 -> -0.0028860039 | J15: =IF(AND('Data Checks'!B225>'Data Checks'!B224,'Data Checks'!B224>'Data Checks'!B223,'Data Checks'!B223>'Data Checks'!B222),"SELL",IF(AND('Data Checks'!B225<'Data Checks'!B224,'Data Checks'!B224<'Data Checks'!B223,'Data Checks'!B223<'Data Checks'!B222),"BUY","")) | K15: =IF(AND('Data Checks'!C225>'Data Checks'!C224,'Data Checks'!C224>'Data Checks'!C223,'Data Checks'!C223>'Data Checks'!C222),"SELL",IF(AND('Data Checks'!C225<'Data Checks'!C224,'Data Checks'!C224<'Data Checks'!C223,'Data Checks'!C223<'Data Checks'!C222),"BUY","")) | L15: =IF(AND('Data Checks'!D225>'Data Checks'!D224,'Data Checks'!D224>'Data Checks'!D223,'Data Checks'!D223>'Data Checks'!D222),"SELL",IF(AND('Data Checks'!D225<'Data Checks'!D224,'Data Checks'!D224<'Data Checks'!D223,'Data Checks'!D223<'Data Checks'!D222),"BUY","")) | M15: =IF(AND('Data Checks'!E225>'Data Checks'!E224,'Data Checks'!E224>'Data Checks'!E223,'Data Checks'!E223>'Data Checks'!E222),"SELL",IF(AND('Data Checks'!E225<'Data Checks'!E224,'Data Checks'!E224<'Data Checks'!E223,'Data Checks'!E223<'Data Checks'!E222),"BUY","")) -> BUY | N15: =IF(AND('Data Checks'!F225>'Data Checks'!F224,'Data Checks'!F224>'Data Checks'!F223,'Data Checks'!F223>'Data Checks'!F222),"SELL",IF(AND('Data Checks'!F225<'Data Checks'!F224,'Data Checks'!F224<'Data Checks'!F223,'Data Checks'!F223<'Data Checks'!F222),"BUY","")) -> BUY | O15: =IF(J14="BUY",O14*('Data Checks'!B225/'Data Checks'!B224),IF(J14="SELL",O14*('Data Checks'!B224/'Data Checks'!B225),O14)) -> 200 | P15: =IF(K14="BUY",P14*('Data Checks'!C225/'Data Checks'!C224),IF(K14="SELL",P14*('Data Checks'!C224/'Data Checks'!C225),P14)) -> 200.83464 | Q15: =IF(L14="BUY",Q14*('Data Checks'!D225/'Data Checks'!D224),IF(L14="SELL",Q14*('Data Checks'!D224/'Data Checks'!D225),Q14)) -> 202.56768 | R15: =IF(M14="BUY",R14*('Data Checks'!E225/'Data Checks'!E224),IF(M14="SELL",R14*('Data Checks'!E224/'Data Checks'!E225),R14)) -> 196.49788 | S15: =IF(N14="BUY",S14*('Data Checks'!F225/'Data Checks'!F224),IF(N14="SELL",S14*('Data Checks'!F224/'Data Checks'!F225),S14)) -> 198.00486 | T15: =SUM(O15:S15) -> 997.90506 | U15: =T15/T14-1 -> -0.00029238113 | W15: =IF(AND('Data Checks'!B225>'Data Checks'!B224,'Data Checks'!B224>'Data Checks'!B223,'Data Checks'!B223>'Data Checks'!B222),"BUY",IF(AND('Data Checks'!B225<'Data Checks'!B224,'Data Checks'!B224<'Data Checks'!B223,'Data Checks'!B223<'Data Checks'!B222),"SELL","")) | X15: =IF(AND('Data Checks'!C225>'Data Checks'!C224,'Data Checks'!C224>'Data Checks'!C223,'Data Checks'!C223>'Data Checks'!C222),"BUY",IF(AND('Data Checks'!C225<'Data Checks'!C224,'Data Checks'!C224<'Data Checks'!C223,'Data Checks'!C223<'Data Checks'!C222),"SELL","")) | Y15: =IF(AND('Data Checks'!D225>'Data Checks'!D224,'Data Checks'!D224>'Data Checks'!D223,'Data Checks'!D223>'Data Checks'!D222),"BUY",IF(AND('Data Checks'!D225<'Data Checks'!D224,'Data Checks'!D224<'Data Checks'!D223,'Data Checks'!D223<'Data Checks'!D222),"SELL","")) | Z15: =IF(AND('Data Checks'!E225>'Data Checks'!E224,'Data Checks'!E224>'Data Checks'!E223,'Data Checks'!E223>'Data Checks'!E222),"BUY",IF(AND('Data Checks'!E225<'Data Checks'!E224,'Data Checks'!E224<'Data Checks'!E223,'Data Checks'!E223<'Data Checks'!E222),"SELL","")) -> SELL | AA15: =IF(AND('Data Checks'!F225>'Data Checks'!F224,'Data Checks'!F224>'Data Checks'!F223,'Data Checks'!F223>'Data Checks'!F222),"BUY",IF(AND('Data Checks'!F225<'Data Checks'!F224,'Data Checks'!F224<'Data Checks'!F223,'Data Checks'!F223<'Data Checks'!F222),"SELL","")) -> SELL | AB15: =IF(W14="BUY",AB14*('Data Checks'!B225/'Data Checks'!B224),IF(W14="SELL",AB14*('Data Checks'!B224/'Data Checks'!B225),AB14)) -> 200 | AC15: =IF(X14="BUY",AC14*('Data Checks'!C225/'Data Checks'!C224),IF(X14="SELL",AC14*('Data Checks'!C224/'Data Checks'!C225),AC14)) -> 199.16883 | AD15: =IF(Y14="BUY",AD14*('Data Checks'!D225/'Data Checks'!D224),IF(Y14="SELL",AD14*('Data Checks'!D224/'Data Checks'!D225),AD14)) -> 197.46486 | AE15: =IF(Z14="BUY",AE14*('Data Checks'!E225/'Data Checks'!E224),IF(Z14="SELL",AE14*('Data Checks'!E224/'Data Checks'!E225),AE14)) -> 203.56454 | AF15: =IF(AA14="BUY",AF14*('Data Checks'!F225/'Data Checks'!F224),IF(AA14="SELL",AF14*('Data Checks'!F224/'Data Checks'!F225),AF14)) -> 202.01524 | AG15: =SUM(AB15:AF15) -> 1002.2135 | AH15: =AG15/AG14-1 -> 0.00033273421 | AJ15: =IF('Moving Ave'!G225>'Moving Ave'!L225,"SELL","BUY") -> BUY | AK15: =IF('Moving Ave'!H225>'Moving Ave'!M225,"SELL","BUY") -> BUY | AL15: =IF('Moving Ave'!I225>'Moving Ave'!N225,"SELL","BUY") -> SELL | AM15: =IF('Moving Ave'!J225>'Moving Ave'!O225,"SELL","BUY") -> BUY | AN15: =IF('Moving Ave'!K225>'Moving Ave'!P225,"SELL","BUY") -> SELL | AO15: =IF(AJ14="BUY",AO14*('Data Checks'!B225/'Data Checks'!B224),AO14*('Data Checks'!B224/'Data Checks'!B225)) -> 196.20761 | AP15: =IF(AK14="BUY",AP14*('Data Checks'!C225/'Data Checks'!C224),AP14*('Data Checks'!C224/'Data Checks'!C225)) -> 194.81838 | AQ15: =IF(AL14="BUY",AQ14*('Data Checks'!D225/'Data Checks'!D224),AQ14*('Data Checks'!D224/'Data Checks'!D225)) -> 198.60069 | AR15: =IF(AM14="BUY",AR14*('Data Checks'!E225/'Data Checks'!E224),AR14*('Data Checks'!E224/'Data Checks'!E225)) -> 196.91998 | AS15: =IF(AN14="BUY",AS14*('Data Checks'!F225/'Data Checks'!F224),AS14*('Data Checks'!F224/'Data Checks'!F225)) -> 206.14402 | AT15: =SUM(AO15:AS15) -> 992.69067 | AU15: =AT15/AT14-1 -> 0.00034573444
A16: =Prices!A224 -> 44212 | B16: =B15*('Data Checks'!B226/'Data Checks'!B225) -> 197.88515 | C16: =C15*('Data Checks'!C226/'Data Checks'!C225) -> 196.18999 | D16: =D15*('Data Checks'!D226/'Data Checks'!D225) -> 197.52881 | E16: =E15*('Data Checks'!E226/'Data Checks'!E225) -> 196.75259 | F16: =F15*('Data Checks'!F226/'Data Checks'!F225) -> 194.42061 | G16: =SUM(B16:F16) -> 982.77715 | H16: =G16/G15-1 -> 0.0038791135 | J16: =IF(AND('Data Checks'!B226>'Data Checks'!B225,'Data Checks'!B225>'Data Checks'!B224,'Data Checks'!B224>'Data Checks'!B223),"SELL",IF(AND('Data Checks'!B226<'Data Checks'!B225,'Data Checks'!B225<'Data Checks'!B224,'Data Checks'!B224<'Data Checks'!B223),"BUY","")) | K16: =IF(AND('Data Checks'!C226>'Data Checks'!C225,'Data Checks'!C225>'Data Checks'!C224,'Data Checks'!C224>'Data Checks'!C223),"SELL",IF(AND('Data Checks'!C226<'Data Checks'!C225,'Data Checks'!C225<'Data Checks'!C224,'Data Checks'!C224<'Data Checks'!C223),"BUY","")) | L16: =IF(AND('Data Checks'!D226>'Data Checks'!D225,'Data Checks'!D225>'Data Checks'!D224,'Data Checks'!D224>'Data Checks'!D223),"SELL",IF(AND('Data Checks'!D226<'Data Checks'!D225,'Data Checks'!D225<'Data Checks'!D224,'Data Checks'!D224<'Data Checks'!D223),"BUY","")) | M16: =IF(AND('Data Checks'!E226>'Data Checks'!E225,'Data Checks'!E225>'Data Checks'!E224,'Data Checks'!E224>'Data Checks'!E223),"SELL",IF(AND('Data Checks'!E226<'Data Checks'!E225,'Data Checks'!E225<'Data Checks'!E224,'Data Checks'!E224<'Data Checks'!E223),"BUY","")) -> BUY | N16: =IF(AND('Data Checks'!F226>'Data Checks'!F225,'Data Checks'!F225>'Data Checks'!F224,'Data Checks'!F224>'Data Checks'!F223),"SELL",IF(AND('Data Checks'!F226<'Data Checks'!F225,'Data Checks'!F225<'Data Checks'!F224,'Data Checks'!F224<'Data Checks'!F223),"BUY","")) | O16: =IF(J15="BUY",O15*('Data Checks'!B226/'Data Checks'!B225),IF(J15="SELL",O15*('Data Checks'!B225/'Data Checks'!B226),O15)) -> 200 | P16: =IF(K15="BUY",P15*('Data Checks'!C226/'Data Checks'!C225),IF(K15="SELL",P15*('Data Checks'!C225/'Data Checks'!C226),P15)) -> 200.83464 | Q16: =IF(L15="BUY",Q15*('Data Checks'!D226/'Data Checks'!D225),IF(L15="SELL",Q15*('Data Checks'!D225/'Data Checks'!D226),Q15)) -> 202.56768 | R16: =IF(M15="BUY",R15*('Data Checks'!E226/'Data Checks'!E225),IF(M15="SELL",R15*('Data Checks'!E225/'Data Checks'!E226),R15)) -> 196.33085 | S16: =IF(N15="BUY",S15*('Data Checks'!F226/'Data Checks'!F225),IF(N15="SELL",S15*('Data Checks'!F225/'Data Checks'!F226),S15)) -> 198.39417 | T16: =SUM(O16:S16) -> 998.12733 | U16: =T16/T15-1 -> 0.00022273656 | W16: =IF(AND('Data Checks'!B226>'Data Checks'!B225,'Data Checks'!B225>'Data Checks'!B224,'Data Checks'!B224>'Data Checks'!B223),"BUY",IF(AND('Data Checks'!B226<'Data Checks'!B225,'Data Checks'!B225<'Data Checks'!B224,'Data Checks'!B224<'Data Checks'!B223),"SELL","")) | X16: =IF(AND('Data Checks'!C226>'Data Checks'!C225,'Data Checks'!C225>'Data Checks'!C224,'Data Checks'!C224>'Data Checks'!C223),"BUY",IF(AND('Data Checks'!C226<'Data Checks'!C225,'Data Checks'!C225<'Data Checks'!C224,'Data Checks'!C224<'Data Checks'!C223),"SELL","")) | Y16: =IF(AND('Data Checks'!D226>'Data Checks'!D225,'Data Checks'!D225>'Data Checks'!D224,'Data Checks'!D224>'Data Checks'!D223),"BUY",IF(AND('Data Checks'!D226<'Data Checks'!D225,'Data Checks'!D225<'Data Checks'!D224,'Data Checks'!D224<'Data Checks'!D223),"SELL","")) | Z16: =IF(AND('Data Checks'!E226>'Data Checks'!E225,'Data Checks'!E225>'Data Checks'!E224,'Data Checks'!E224>'Data Checks'!E223),"BUY",IF(AND('Data Checks'!E226<'Data Checks'!E225,'Data Checks'!E225<'Data Checks'!E224,'Data Checks'!E224<'Data Checks'!E223),"SELL","")) -> SELL | AA16: =IF(AND('Data Checks'!F226>'Data Checks'!F225,'Data Checks'!F225>'Data Checks'!F224,'Data Checks'!F224>'Data Checks'!F223),"BUY",IF(AND('Data Checks'!F226<'Data Checks'!F225,'Data Checks'!F225<'Data Checks'!F224,'Data Checks'!F224<'Data Checks'!F223),"SELL","")) | AB16: =IF(W15="BUY",AB15*('Data Checks'!B226/'Data Checks'!B225),IF(W15="SELL",AB15*('Data Checks'!B225/'Data Checks'!B226),AB15)) -> 200 | AC16: =IF(X15="BUY",AC15*('Data Checks'!C226/'Data Checks'!C225),IF(X15="SELL",AC15*('Data Checks'!C225/'Data Checks'!C226),AC15)) -> 199.16883 | AD16: =IF(Y15="BUY",AD15*('Data Checks'!D226/'Data Checks'!D225),IF(Y15="SELL",AD15*('Data Checks'!D225/'Data Checks'!D226),AD15)) -> 197.46486 | AE16: =IF(Z15="BUY",AE15*('Data Checks'!E226/'Data Checks'!E225),IF(Z15="SELL",AE15*('Data Checks'!E225/'Data Checks'!E226),AE15)) -> 203.73773 | AF16: =IF(AA15="BUY",AF15*('Data Checks'!F226/'Data Checks'!F225),IF(AA15="SELL",AF15*('Data Checks'!F225/'Data Checks'!F226),AF15)) -> 201.61883 | AG16: =SUM(AB16:AF16) -> 1001.9903 | AH16: =AG16/AG15-1 -> -0.00022272823 | AJ16: =IF('Moving Ave'!G226>'Moving Ave'!L226,"SELL","BUY") -> BUY | AK16: =IF('Moving Ave'!H226>'Moving Ave'!M226,"SELL","BUY") -> BUY | AL16: =IF('Moving Ave'!I226>'Moving Ave'!N226,"SELL","BUY") -> SELL | AM16: =IF('Moving Ave'!J226>'Moving Ave'!O226,"SELL","BUY") -> BUY | AN16: =IF('Moving Ave'!K226>'Moving Ave'!P226,"SELL","BUY") -> SELL | AO16: =IF(AJ15="BUY",AO15*('Data Checks'!B226/'Data Checks'!B225),AO15*('Data Checks'!B225/'Data Checks'!B226)) -> 197.88515 | AP16: =IF(AK15="BUY",AP15*('Data Checks'!C226/'Data Checks'!C225),AP15*('Data Checks'!C225/'Data Checks'!C226)) -> 196.18999 | AQ16: =IF(AL15="BUY",AQ15*('Data Checks'!D226/'Data Checks'!D225),AQ15*('Data Checks'!D225/'Data Checks'!D226)) -> 198.06347 | AR16: =IF(AM15="BUY",AR15*('Data Checks'!E226/'Data Checks'!E225),AR15*('Data Checks'!E225/'Data Checks'!E226)) -> 196.75259 | AS16: =IF(AN15="BUY",AS15*('Data Checks'!F226/'Data Checks'!F225),AS15*('Data Checks'!F225/'Data Checks'!F226)) -> 205.73951 | AT16: =SUM(AO16:AS16) -> 994.63071 | AU16: =AT16/AT15-1 -> 0.0019543159
A17: =Prices!A225 -> 44213 | B17: =B16*('Data Checks'!B227/'Data Checks'!B226) -> 196.49211 | C17: =C16*('Data Checks'!C227/'Data Checks'!C226) -> 196.952 | D17: =D16*('Data Checks'!D227/'Data Checks'!D226) -> 202.60477 | E17: =E16*('Data Checks'!E227/'Data Checks'!E226) -> 195.98259 | F17: =F16*('Data Checks'!F227/'Data Checks'!F226) -> 194.94516 | G17: =SUM(B17:F17) -> 986.97663 | H17: =G17/G16-1 -> 0.0042730732 | J17: =IF(AND('Data Checks'!B227>'Data Checks'!B226,'Data Checks'!B226>'Data Checks'!B225,'Data Checks'!B225>'Data Checks'!B224),"SELL",IF(AND('Data Checks'!B227<'Data Checks'!B226,'Data Checks'!B226<'Data Checks'!B225,'Data Checks'!B225<'Data Checks'!B224),"BUY","")) | K17: =IF(AND('Data Checks'!C227>'Data Checks'!C226,'Data Checks'!C226>'Data Checks'!C225,'Data Checks'!C225>'Data Checks'!C224),"SELL",IF(AND('Data Checks'!C227<'Data Checks'!C226,'Data Checks'!C226<'Data Checks'!C225,'Data Checks'!C225<'Data Checks'!C224),"BUY","")) | L17: =IF(AND('Data Checks'!D227>'Data Checks'!D226,'Data Checks'!D226>'Data Checks'!D225,'Data Checks'!D225>'Data Checks'!D224),"SELL",IF(AND('Data Checks'!D227<'Data Checks'!D226,'Data Checks'!D226<'Data Checks'!D225,'Data Checks'!D225<'Data Checks'!D224),"BUY","")) | M17: =IF(AND('Data Checks'!E227>'Data Checks'!E226,'Data Checks'!E226>'Data Checks'!E225,'Data Checks'!E225>'Data Checks'!E224),"SELL",IF(AND('Data Checks'!E227<'Data Checks'!E226,'Data Checks'!E226<'Data Checks'!E225,'Data Checks'!E225<'Data Checks'!E224),"BUY","")) -> BUY | N17: =IF(AND('Data Checks'!F227>'Data Checks'!F226,'Data Checks'!F226>'Data Checks'!F225,'Data Checks'!F225>'Data Checks'!F224),"SELL",IF(AND('Data Checks'!F227<'Data Checks'!F226,'Data Checks'!F226<'Data Checks'!F225,'Data Checks'!F225<'Data Checks'!F224),"BUY","")) | O17: =IF(J16="BUY",O16*('Data Checks'!B227/'Data Checks'!B226),IF(J16="SELL",O16*('Data Checks'!B226/'Data Checks'!B227),O16)) -> 200 | P17: =IF(K16="BUY",P16*('Data Checks'!C227/'Data Checks'!C226),IF(K16="SELL",P16*('Data Checks'!C226/'Data Checks'!C227),P16)) -> 200.83464 | Q17: =IF(L16="BUY",Q16*('Data Checks'!D227/'Data Checks'!D226),IF(L16="SELL",Q16*('Data Checks'!D226/'Data Checks'!D227),Q16)) -> 202.56768 | R17: =IF(M16="BUY",R16*('Data Checks'!E227/'Data Checks'!E226),IF(M16="SELL",R16*('Data Checks'!E226/'Data Checks'!E227),R16)) -> 195.5625 | S17: =IF(N16="BUY",S16*('Data Checks'!F227/'Data Checks'!F226),IF(N16="SELL",S16*('Data Checks'!F226/'Data Checks'!F227),S16)) -> 198.39417 | T17: =SUM(O17:S17) -> 997.35898 | U17: =T17/T16-1 -> -0.00076979103 | W17: =IF(AND('Data Checks'!B227>'Data Checks'!B226,'Data Checks'!B226>'Data Checks'!B225,'Data Checks'!B225>'Data Checks'!B224),"BUY",IF(AND('Data Checks'!B227<'Data Checks'!B226,'Data Checks'!B226<'Data Checks'!B225,'Data Checks'!B225<'Data Checks'!B224),"SELL","")) | X17: =IF(AND('Data Checks'!C227>'Data Checks'!C226,'Data Checks'!C226>'Data Checks'!C225,'Data Checks'!C225>'Data Checks'!C224),"BUY",IF(AND('Data Checks'!C227<'Data Checks'!C226,'Data Checks'!C226<'Data Checks'!C225,'Data Checks'!C225<'Data Checks'!C224),"SELL","")) | Y17: =IF(AND('Data Checks'!D227>'Data Checks'!D226,'Data Checks'!D226>'Data Checks'!D225,'Data Checks'!D225>'Data Checks'!D224),"BUY",IF(AND('Data Checks'!D227<'Data Checks'!D226,'Data Checks'!D226<'Data Checks'!D225,'Data Checks'!D225<'Data Checks'!D224),"SELL","")) | Z17: =IF(AND('Data Checks'!E227>'Data Checks'!E226,'Data Checks'!E226>'Data Checks'!E225,'Data Checks'!E225>'Data Checks'!E224),"BUY",IF(AND('Data Checks'!E227<'Data Checks'!E226,'Data Checks'!E226<'Data Checks'!E225,'Data Checks'!E225<'Data Checks'!E224),"SELL","")) -> SELL | AA17: =IF(AND('Data Checks'!F227>'Data Checks'!F226,'Data Checks'!F226>'Data Checks'!F225,'Data Checks'!F225>'Data Checks'!F224),"BUY",IF(AND('Data Checks'!F227<'Data Checks'!F226,'Data Checks'!F226<'Data Checks'!F225,'Data Checks'!F225<'Data Checks'!F224),"SELL","")) | AB17: =IF(W16="BUY",AB16*('Data Checks'!B227/'Data Checks'!B226),IF(W16="SELL",AB16*('Data Checks'!B226/'Data Checks'!B227),AB16)) -> 200 | AC17: =IF(X16="BUY",AC16*('Data Checks'!C227/'Data Checks'!C226),IF(X16="SELL",AC16*('Data Checks'!C226/'Data Checks'!C227),AC16)) -> 199.16883 | AD17: =IF(Y16="BUY",AD16*('Data Checks'!D227/'Data Checks'!D226),IF(Y16="SELL",AD16*('Data Checks'!D226/'Data Checks'!D227),AD16)) -> 197.46486 | AE17: =IF(Z16="BUY",AE16*('Data Checks'!E227/'Data Checks'!E226),IF(Z16="SELL",AE16*('Data Checks'!E226/'Data Checks'!E227),AE16)) -> 204.53819 | AF17: =IF(AA16="BUY",AF16*('Data Checks'!F227/'Data Checks'!F226),IF(AA16="SELL",AF16*('Data Checks'!F226/'Data Checks'!F227),AF16)) -> 201.61883 | AG17: =SUM(AB17:AF17) -> 1002.7907 | AH17: =AG17/AG16-1 -> 0.00079887932 | AJ17: =IF('Moving Ave'!G227>'Moving Ave'!L227,"SELL","BUY") -> BUY | AK17: =IF('Moving Ave'!H227>'Moving Ave'!M227,"SELL","BUY") -> BUY | AL17: =IF('Moving Ave'!I227>'Moving Ave'!N227,"SELL","BUY") -> SELL | AM17: =IF('Moving Ave'!J227>'Moving Ave'!O227,"SELL","BUY") -> BUY | AN17: =IF('Moving Ave'!K227>'Moving Ave'!P227,"SELL","BUY") -> SELL | AO17: =IF(AJ16="BUY",AO16*('Data Checks'!B227/'Data Checks'!B226),AO16*('Data Checks'!B226/'Data Checks'!B227)) -> 196.49211 | AP17: =IF(AK16="BUY",AP16*('Data Checks'!C227/'Data Checks'!C226),AP16*('Data Checks'!C226/'Data Checks'!C227)) -> 196.952 | AQ17: =IF(AL16="BUY",AQ16*('Data Checks'!D227/'Data Checks'!D226),AQ16*('Data Checks'!D226/'Data Checks'!D227)) -> 193.10129 | AR17: =IF(AM16="BUY",AR16*('Data Checks'!E227/'Data Checks'!E226),AR16*('Data Checks'!E226/'Data Checks'!E227)) -> 195.98259 | AS17: =IF(AN16="BUY",AS16*('Data Checks'!F227/'Data Checks'!F226),AS16*('Data Checks'!F226/'Data Checks'!F227)) -> 205.18591 | AT17: =SUM(AO17:AS17) -> 987.7139 | AU17: =AT17/AT16-1 -> -0.0069541432
A18: =Prices!A226 -> 44217 | B18: =B17*('Data Checks'!B228/'Data Checks'!B227) -> 199.3667 | C18: =C17*('Data Checks'!C228/'Data Checks'!C227) -> 192.68479 | D18: =D17*('Data Checks'!D228/'Data Checks'!D227) -> 200.20037 | E18: =E17*('Data Checks'!E228/'Data Checks'!E227) -> 192.36691 | F18: =F17*('Data Checks'!F228/'Data Checks'!F227) -> 195.23128 | G18: =SUM(B18:F18) -> 979.85006 | H18: =G18/G17-1 -> -0.0072205991 | J18: =IF(AND('Data Checks'!B228>'Data Checks'!B227,'Data Checks'!B227>'Data Checks'!B226,'Data Checks'!B226>'Data Checks'!B225),"SELL",IF(AND('Data Checks'!B228<'Data Checks'!B227,'Data Checks'!B227<'Data Checks'!B226,'Data Checks'!B226<'Data Checks'!B225),"BUY","")) | K18: =IF(AND('Data Checks'!C228>'Data Checks'!C227,'Data Checks'!C227>'Data Checks'!C226,'Data Checks'!C226>'Data Checks'!C225),"SELL",IF(AND('Data Checks'!C228<'Data Checks'!C227,'Data Checks'!C227<'Data Checks'!C226,'Data Checks'!C226<'Data Checks'!C225),"BUY","")) | L18: =IF(AND('Data Checks'!D228>'Data Checks'!D227,'Data Checks'!D227>'Data Checks'!D226,'Data Checks'!D226>'Data Checks'!D225),"SELL",IF(AND('Data Checks'!D228<'Data Checks'!D227,'Data Checks'!D227<'Data Checks'!D226,'Data Checks'!D226<'Data Checks'!D225),"BUY","")) | M18: =IF(AND('Data Checks'!E228>'Data Checks'!E227,'Data Checks'!E227>'Data Checks'!E226,'Data Checks'!E226>'Data Checks'!E225),"SELL",IF(AND('Data Checks'!E228<'Data Checks'!E227,'Data Checks'!E227<'Data Checks'!E226,'Data Checks'!E226<'Data Checks'!E225),"BUY","")) -> BUY | N18: =IF(AND('Data Checks'!F228>'Data Checks'!F227,'Data Checks'!F227>'Data Checks'!F226,'Data Checks'!F226>'Data Checks'!F225),"SELL",IF(AND('Data Checks'!F228<'Data Checks'!F227,'Data Checks'!F227<'Data Checks'!F226,'Data Checks'!F226<'Data Checks'!F225),"BUY","")) -> SELL | O18: =IF(J17="BUY",O17*('Data Checks'!B228/'Data Checks'!B227),IF(J17="SELL",O17*('Data Checks'!B227/'Data Checks'!B228),O17)) -> 200 | P18: =IF(K17="BUY",P17*('Data Checks'!C228/'Data Checks'!C227),IF(K17="SELL",P17*('Data Checks'!C227/'Data Checks'!C228),P17)) -> 200.83464 | Q18: =IF(L17="BUY",Q17*('Data Checks'!D228/'Data Checks'!D227),IF(L17="SELL",Q17*('Data Checks'!D227/'Data Checks'!D228),Q17)) -> 202.56768 | R18: =IF(M17="BUY",R17*('Data Checks'!E228/'Data Checks'!E227),IF(M17="SELL",R17*('Data Checks'!E227/'Data Checks'!E228),R17)) -> 191.95457 | S18: =IF(N17="BUY",S17*('Data Checks'!F228/'Data Checks'!F227),IF(N17="SELL",S17*('Data Checks'!F227/'Data Checks'!F228),S17)) -> 198.39417 | T18: =SUM(O18:S18) -> 993.75106 | U18: =T18/T17-1 -> -0.003617478 | W18: =IF(AND('Data Checks'!B228>'Data Checks'!B227,'Data Checks'!B227>'Data Checks'!B226,'Data Checks'!B226>'Data Checks'!B225),"BUY",IF(AND('Data Checks'!B228<'Data Checks'!B227,'Data Checks'!B227<'Data Checks'!B226,'Data Checks'!B226<'Data Checks'!B225),"SELL","")) | X18: =IF(AND('Data Checks'!C228>'Data Checks'!C227,'Data Checks'!C227>'Data Checks'!C226,'Data Checks'!C226>'Data Checks'!C225),"BUY",IF(AND('Data Checks'!C228<'Data Checks'!C227,'Data Checks'!C227<'Data Checks'!C226,'Data Checks'!C226<'Data Checks'!C225),"SELL","")) | Y18: =IF(AND('Data Checks'!D228>'Data Checks'!D227,'Data Checks'!D227>'Data Checks'!D226,'Data Checks'!D226>'Data Checks'!D225),"BUY",IF(AND('Data Checks'!D228<'Data Checks'!D227,'Data Checks'!D227<'Data Checks'!D226,'Data Checks'!D226<'Data Checks'!D225),"SELL","")) | Z18: =IF(AND('Data Checks'!E228>'Data Checks'!E227,'Data Checks'!E227>'Data Checks'!E226,'Data Checks'!E226>'Data Checks'!E225),"BUY",IF(AND('Data Checks'!E228<'Data Checks'!E227,'Data Checks'!E227<'Data Checks'!E226,'Data Checks'!E226<'Data Checks'!E225),"SELL","")) -> SELL | AA18: =IF(AND('Data Checks'!F228>'Data Checks'!F227,'Data Checks'!F227>'Data Checks'!F226,'Data Checks'!F226>'Data Checks'!F225),"BUY",IF(AND('Data Checks'!F228<'Data Checks'!F227,'Data Checks'!F227<'Data Checks'!F226,'Data Checks'!F226<'Data Checks'!F225),"SELL","")) -> BUY | AB18: =IF(W17="BUY",AB17*('Data Checks'!B228/'Data Checks'!B227),IF(W17="SELL",AB17*('Data Checks'!B227/'Data Checks'!B228),AB17)) -> 200 | AC18: =IF(X17="BUY",AC17*('Data Checks'!C228/'Data Checks'!C227),IF(X17="SELL",AC17*('Data Checks'!C227/'Data Checks'!C228),AC17)) -> 199.16883 | AD18: =IF(Y17="BUY",AD17*('Data Checks'!D228/'Data Checks'!D227),IF(Y17="SELL",AD17*('Data Checks'!D227/'Data Checks'!D228),AD17)) -> 197.46486 | AE18: =IF(Z17="BUY",AE17*('Data Checks'!E228/'Data Checks'!E227),IF(Z17="SELL",AE17*('Data Checks'!E227/'Data Checks'!E228),AE17)) -> 208.38264 | AF18: =IF(AA17="BUY",AF17*('Data Checks'!F228/'Data Checks'!F227),IF(AA17="SELL",AF17*('Data Checks'!F227/'Data Checks'!F228),AF17)) -> 201.61883 | AG18: =SUM(AB18:AF18) -> 1006.6352 | AH18: =AG18/AG17-1 -> 0.0038337435 | AJ18: =IF('Moving Ave'!G228>'Moving Ave'!L228,"SELL","BUY") -> BUY | AK18: =IF('Moving Ave'!H228>'Moving Ave'!M228,"SELL","BUY") -> BUY | AL18: =IF('Moving Ave'!I228>'Moving Ave'!N228,"SELL","BUY") -> SELL | AM18: =IF('Moving Ave'!J228>'Moving Ave'!O228,"SELL","BUY") -> BUY | AN18: =IF('Moving Ave'!K228>'Moving Ave'!P228,"SELL","BUY") -> SELL | AO18: =IF(AJ17="BUY",AO17*('Data Checks'!B228/'Data Checks'!B227),AO17*('Data Checks'!B227/'Data Checks'!B228)) -> 199.3667 | AP18: =IF(AK17="BUY",AP17*('Data Checks'!C228/'Data Checks'!C227),AP17*('Data Checks'!C227/'Data Checks'!C228)) -> 192.68479 | AQ18: =IF(AL17="BUY",AQ17*('Data Checks'!D228/'Data Checks'!D227),AQ17*('Data Checks'!D227/'Data Checks'!D228)) -> 195.42043 | AR18: =IF(AM17="BUY",AR17*('Data Checks'!E228/'Data Checks'!E227),AR17*('Data Checks'!E227/'Data Checks'!E228)) -> 192.36691 | AS18: =IF(AN17="BUY",AS17*('Data Checks'!F228/'Data Checks'!F227),AS17*('Data Checks'!F227/'Data Checks'!F228)) -> 204.8852 | AT18: =SUM(AO18:AS18) -> 984.72403 | AU18: =AT18/AT17-1 -> -0.0030270578
... A257: =Prices!A465 -> 44560 | B257: =B256*('Data Checks'!B467/'Data Checks'!B466) -> 346.2416 | C257: =C256*('Data Checks'!C467/'Data Checks'!C466) -> 131.77547 | D257: =D256*('Data Checks'!D467/'Data Checks'!D466) -> 253.76523 | E257: =E256*('Data Checks'!E467/'Data Checks'!E466) -> 120.62269 | F257: =F256*('Data Checks'!F467/'Data Checks'!F466) -> 156.41393 | G257: =SUM(B257:F257) -> 1008.8189 | H257: =G257/G256-1 -> -0.0043123629 | J257: =IF(AND('Data Checks'!B467>'Data Checks'!B466,'Data Checks'!B466>'Data Checks'!B465,'Data Checks'!B465>'Data Checks'!B464),"SELL",IF(AND('Data Checks'!B467<'Data Checks'!B466,'Data Checks'!B466<'Data Checks'!B465,'Data Checks'!B465<'Data Checks'!B464),"BUY","")) | K257: =IF(AND('Data Checks'!C467>'Data Checks'!C466,'Data Checks'!C466>'Data Checks'!C465,'Data Checks'!C465>'Data Checks'!C464),"SELL",IF(AND('Data Checks'!C467<'Data Checks'!C466,'Data Checks'!C466<'Data Checks'!C465,'Data Checks'!C465<'Data Checks'!C464),"BUY","")) | L257: =IF(AND('Data Checks'!D467>'Data Checks'!D466,'Data Checks'!D466>'Data Checks'!D465,'Data Checks'!D465>'Data Checks'!D464),"SELL",IF(AND('Data Checks'!D467<'Data Checks'!D466,'Data Checks'!D466<'Data Checks'!D465,'Data Checks'!D465<'Data Checks'!D464),"BUY","")) | M257: =IF(AND('Data Checks'!E467>'Data Checks'!E466,'Data Checks'!E466>'Data Checks'!E465,'Data Checks'!E465>'Data Checks'!E464),"SELL",IF(AND('Data Checks'!E467<'Data Checks'!E466,'Data Checks'!E466<'Data Checks'!E465,'Data Checks'!E465<'Data Checks'!E464),"BUY","")) | N257: =IF(AND('Data Checks'!F467>'Data Checks'!F466,'Data Checks'!F466>'Data Checks'!F465,'Data Checks'!F465>'Data Checks'!F464),"SELL",IF(AND('Data Checks'!F467<'Data Checks'!F466,'Data Checks'!F466<'Data Checks'!F465,'Data Checks'!F465<'Data Checks'!F464),"BUY","")) | O257: =IF(J256="BUY",O256*('Data Checks'!B467/'Data Checks'!B466),IF(J256="SELL",O256*('Data Checks'!B466/'Data Checks'!B467),O256)) -> 258.06261 | P257: =IF(K256="BUY",P256*('Data Checks'!C467/'Data Checks'!C466),IF(K256="SELL",P256*('Data Checks'!C466/'Data Checks'!C467),P256)) -> 222.89929 | Q257: =IF(L256="BUY",Q256*('Data Checks'!D467/'Data Checks'!D466),IF(L256="SELL",Q256*('Data Checks'!D466/'Data Checks'!D467),Q256)) -> 238.94724 | R257: =IF(M256="BUY",R256*('Data Checks'!E467/'Data Checks'!E466),IF(M256="SELL",R256*('Data Checks'!E466/'Data Checks'!E467),R256)) -> 222.25419 | S257: =IF(N256="BUY",S256*('Data Checks'!F467/'Data Checks'!F466),IF(N256="SELL",S256*('Data Checks'!F466/'Data Checks'!F467),S256)) -> 196.96769 | T257: =SUM(O257:S257) -> 1139.131 | U257: =T257/T256-1 -> 0.00036837236 | W257: =IF(AND('Data Checks'!B467>'Data Checks'!B466,'Data Checks'!B466>'Data Checks'!B465,'Data Checks'!B465>'Data Checks'!B464),"BUY",IF(AND('Data Checks'!B467<'Data Checks'!B466,'Data Checks'!B466<'Data Checks'!B465,'Data Checks'!B465<'Data Checks'!B464),"SELL","")) | X257: =IF(AND('Data Checks'!C467>'Data Checks'!C466,'Data Checks'!C466>'Data Checks'!C465,'Data Checks'!C465>'Data Checks'!C464),"BUY",IF(AND('Data Checks'!C467<'Data Checks'!C466,'Data Checks'!C466<'Data Checks'!C465,'Data Checks'!C465<'Data Checks'!C464),"SELL","")) | Y257: =IF(AND('Data Checks'!D467>'Data Checks'!D466,'Data Checks'!D466>'Data Checks'!D465,'Data Checks'!D465>'Data Checks'!D464),"BUY",IF(AND('Data Checks'!D467<'Data Checks'!D466,'Data Checks'!D466<'Data Checks'!D465,'Data Checks'!D465<'Data Checks'!D464),"SELL","")) | Z257: =IF(AND('Data Checks'!E467>'Data Checks'!E466,'Data Checks'!E466>'Data Checks'!E465,'Data Checks'!E465>'Data Checks'!E464),"BUY",IF(AND('Data Checks'!E467<'Data Checks'!E466,'Data Checks'!E466<'Data Checks'!E465,'Data Checks'!E465<'Data Checks'!E464),"SELL","")) | AA257: =IF(AND('Data Checks'!F467>'Data Checks'!F466,'Data Checks'!F466>'Data Checks'!F465,'Data Checks'!F465>'Data Checks'!F464),"BUY",IF(AND('Data Checks'!F467<'Data Checks'!F466,'Data Checks'!F466<'Data Checks'!F465,'Data Checks'!F465<'Data Checks'!F464),"SELL","")) | AB257: =IF(W256="BUY",AB256*('Data Checks'!B467/'Data Checks'!B466),IF(W256="SELL",AB256*('Data Checks'!B466/'Data Checks'!B467),AB256)) -> 155.00114 | AC257: =IF(X256="BUY",AC256*('Data Checks'!C467/'Data Checks'!C466),IF(X256="SELL",AC256*('Data Checks'!C466/'Data Checks'!C467),AC256)) -> 179.45324 | AD257: =IF(Y256="BUY",AD256*('Data Checks'!D467/'Data Checks'!D466),IF(Y256="SELL",AD256*('Data Checks'!D466/'Data Checks'!D467),AD256)) -> 167.40097 | AE257: =IF(Z256="BUY",AE256*('Data Checks'!E467/'Data Checks'!E466),IF(Z256="SELL",AE256*('Data Checks'!E466/'Data Checks'!E467),AE256)) -> 179.97411 | AF257: =IF(AA256="BUY",AF256*('Data Checks'!F467/'Data Checks'!F466),IF(AA256="SELL",AF256*('Data Checks'!F466/'Data Checks'!F467),AF256)) -> 203.07899 | AG257: =SUM(AB257:AF257) -> 884.90846 | AH257: =AG257/AG256-1 -> -0.00048953713 | AJ257: =IF('Moving Ave'!G467>'Moving Ave'!L467,"SELL","BUY") -> SELL | AK257: =IF('Moving Ave'!H467>'Moving Ave'!M467,"SELL","BUY") -> SELL | AL257: =IF('Moving Ave'!I467>'Moving Ave'!N467,"SELL","BUY") -> SELL | AM257: =IF('Moving Ave'!J467>'Moving Ave'!O467,"SELL","BUY") -> SELL | AN257: =IF('Moving Ave'!K467>'Moving Ave'!P467,"SELL","BUY") -> SELL | AO257: =IF(AJ256="BUY",AO256*('Data Checks'!B467/'Data Checks'!B466),AO256*('Data Checks'!B466/'Data Checks'!B467)) -> 134.7997 | AP257: =IF(AK256="BUY",AP256*('Data Checks'!C467/'Data Checks'!C466),AP256*('Data Checks'!C466/'Data Checks'!C467)) -> 127.64278 | AQ257: =IF(AL256="BUY",AQ256*('Data Checks'!D467/'Data Checks'!D466),AQ256*('Data Checks'!D466/'Data Checks'!D467)) -> 238.3742 | AR257: =IF(AM256="BUY",AR256*('Data Checks'!E467/'Data Checks'!E466),AR256*('Data Checks'!E466/'Data Checks'!E467)) -> 119.28729 | AS257: =IF(AN256="BUY",AS256*('Data Checks'!F467/'Data Checks'!F466),AS256*('Data Checks'!F466/'Data Checks'!F467)) -> 221.61244 | AT257: =SUM(AO257:AS257) -> 841.71642 | AU257: =AT257/AT256-1 -> 0.0025573138

Sheet Summary
A1: Summary
A4: Total value (in $) for each strategy as at 31/12/2021
B5: Sector
A6: Strategy | B6: Tech | C6: Banking | D6: Mining | E6: Energy | F6: Insurance | G6: Overall | H6: Initial Investment | I6: Return
A7: A | B7: =Modelling!B257 -> 346.2416 | C7: =Modelling!C257 -> 131.77547 | D7: =Modelling!D257 -> 253.76523 | E7: =Modelling!E257 -> 120.62269 | F7: =Modelling!F257 -> 156.41393 | G7: =Modelling!G257 -> 1008.8189 | H7: =Parameters!$B$3 -> 1000 | I7: =G7/H7-1 -> 0.008818922
A8: B | B8: =Modelling!O257 -> 258.06261 | C8: =Modelling!P257 -> 222.89929 | D8: =Modelling!Q257 -> 238.94724 | E8: =Modelling!R257 -> 222.25419 | F8: =Modelling!S257 -> 196.96769 | G8: =Modelling!T257 -> 1139.131 | H8: =Parameters!$B$3 -> 1000 | I8: =G8/H8-1 -> 0.13913102
A9: C | B9: =Modelling!AB257 -> 155.00114 | C9: =Modelling!AC257 -> 179.45324 | D9: =Modelling!AD257 -> 167.40097 | E9: =Modelling!AE257 -> 179.97411 | F9: =Modelling!AF257 -> 203.07899 | G9: =Modelling!AG257 -> 884.90846 | H9: =Parameters!$B$3 -> 1000 | I9: =G9/H9-1 -> -0.11509154
A10: D | B10: =Modelling!AO257 -> 134.7997 | C10: =Modelling!AP257 -> 127.64278 | D10: =Modelling!AQ257 -> 238.3742 | E10: =Modelling!AR257 -> 119.28729 | F10: =Modelling!AS257 -> 221.61244 | G10: =Modelling!AT257 -> 841.71642 | H10: =Parameters!$B$3 -> 1000 | I10: =G10/H10-1 -> -0.15828358
A14: Statistics of daily returns for each strategy
A16: Strategy | B16: Average | C16: StdDev
A17: A | B17: =AVERAGE(Modelling!$H$7:$H$257) -> 0.00019958824 | C17: =_xlfn.STDEV.S(Modelling!$H$7:$H$257) -> 0.018083992
A18: B | B18: =AVERAGE(Modelling!$U$7:$U$257) -> 0.00054990924 | C18: =_xlfn.STDEV.S(Modelling!$U$7:$U$257) -> 0.0079125617
A19: C | B19: =AVERAGE(Modelling!$AH$7:$AH$257) -> -0.00044720822 | C19: =_xlfn.STDEV.S(Modelling!$AH$7:$AH$257) -> 0.0088874542
A20: D | B20: =AVERAGE(Modelling!$AU$7:$AU$257) -> -0.00059455443 | C20: =_xlfn.STDEV.S(Modelling!$AU$7:$AU$257) -> 0.013563084
